{"stats":{"minecraft:killed_by":{"undead_revamp2:the_moonflower":1,"minecraft:piglin_brute":6,"endermanoverhaul:cave_enderman":1,"minecraft:pillager":1,"enemyexpansion:huntsman":1,"earthmobsmod:bouldering_zombie":1,"minecraft:vindicator":6,"minecraft:zombie":2,"undead_revamp2:thepregnant":1,"enemyexpansion:invisicreeper":3,"undead_revamp2:theimmortal":1,"minecraft:husk":6,"alexsmobs:bison":1,"undead_revamp2:thespitter":1,"mutantmonsters:mutant_skeleton":1,"enemyexpansion:direwolf":1,"iceandfire:ghost":2,"mutantmonsters:mutant_zombie":2,"iceandfire:cyclops":15,"minecraft:creeper":1,"born_in_chaos_v1:corpse_fly":1,"iceandfire:fire_dragon":5,"minecraft:player":1,"minecraft:skeleton":10,"iceandfire:lightning_dragon":3},"minecraft:mined":{"minecraft:dark_oak_planks":2,"minecraft:white_bed":10,"minecraft:jungle_leaves":2,"minecraft:potted_dead_bush":1,"minecraft:granite":5,"minecraft:stone_brick_wall":42,"minecraft:coal_block":19,"minecraft:oak_wall_sign":1,"minecraft:oxeye_daisy":1,"minecraft:spawner":7,"minecraft:tall_seagrass":1,"minecraft:fire":33,"minecraft:barrel":1,"minecraft:deepslate_lapis_ore":2,"placeablesmod:empty_bucket_block":1,"minecraft:dirt_path":165,"minecraft:oak_stairs":67,"minecraft:iron_block":1,"minecraft:tripwire":1,"minecraft:kelp_plant":8,"minecraft:torch":16,"minecraft:melon":5,"minecraft:polished_andesite_stairs":4,"minecraft:glass":7,"minecraft:cyan_bed":3,"minecraft:sugar_cane":33,"mca:cross_headstone":1,"minecraft:repeater":3,"minecraft:wheat":4,"minecraft:lilac":2,"minecraft:black_bed":4,"minecraft:potted_poppy":1,"minecraft:grass":222,"minecraft:oak_fence_gate":1,"luminousworld:grassvariant_3":41,"minecraft:piston":1,"minecraft:deepslate":16,"minecraft:cherry_sapling":1,"minecraft:dark_oak_log":8,"minecraft:dark_oak_fence":3,"alexsmobs:leafcutter_ant_chamber":1,"luminousworld:grassvariant_2":44,"minecraft:kelp":6,"fantasyfurniture:dunmer/door_single":1,"placeablesmod:water_bucket_block":5,"minecraft:andesite":6,"minecraft:vine":2,"minecraft:bamboo":14,"minecraft:bone_block":40,"minecraft:cake":1,"minecraft:oak_slab":29,"minecraft:glass_pane":1,"quark:oak_chest":4,"minecraft:potted_lily_of_the_valley":3,"minecraft:brown_carpet":2,"minecraft:dandelion":14,"minecraft:emerald_ore":1,"minecraft:campfire":1,"luminousworld:grassflowers":2,"minecraft:tall_grass":65,"minecraft:deepslate_gold_ore":12,"minecraft:white_carpet":64,"minecraft:spruce_log":30,"minecraft:birch_leaves":47,"luminousworld:ishstone":6,"minecraft:dark_oak_button":1,"minecraft:gravel":5,"minecraft:cobweb":34,"minecraft:stone_bricks":33,"minecraft:fern":1,"luminousworld:white_petunias":3,"minecraft:large_amethyst_bud":1,"minecraft:spruce_planks":4,"minecraft:cobblestone_stairs":1,"minecraft:brewing_stand":3,"minecraft:spruce_trapdoor":29,"minecraft:grass_block":756,"ecologics:coconut_leaves":4,"minecraft:iron_ore":57,"minecraft:azure_bluet":1,"minecraft:dark_oak_stairs":31,"supplementaries:stick":1,"minecraft:pointed_dripstone":1,"minecraft:purple_carpet":3,"minecraft:potted_cornflower":3,"luminousworld:purple_petunias":2,"minecraft:calcite":2,"minecraft:poppy":4,"minecraft:mushroom_stem":5,"minecraft:cobblestone":9,"minecraft:grindstone":1,"minecraft:oak_planks":87,"placeablesmod:bread_full_block":2,"minecraft:wall_torch":19,"minecraft:cauldron":2,"minecraft:pink_petals":12,"minecraft:seagrass":2,"born_in_chaos_v1:river_mint":1,"minecraft:tnt":1,"minecraft:oak_log":79,"minecraft:sand":418,"minecraft:dirt":1012,"minecraft:oak_leaves":218,"cfm:spruce_mail_box":1,"luminousworld:groundpebbles_1":10,"minecraft:red_carpet":2,"minecraft:deepslate_diamond_ore":4,"minecraft:dark_oak_leaves":18,"luminousworld:grassvariant_4":2,"minecraft:oak_door":1,"luminousworld:blue_petunias":1,"minecraft:ladder":5,"luminousworld:blackberrybush":1,"ecologics:coconut_log":9,"minecraft:spruce_leaves":4,"luminousworld:groundpebbles_3":2,"minecraft:hay_block":35,"minecraft:spore_blossom":5,"luminousworld:sunset_petunias":1,"minecraft:oak_trapdoor":2,"minecraft:furnace":2,"luminousworld:yellow_grassflowers":2,"minecraft:dark_oak_fence_gate":2,"minecraft:bookshelf":17,"minecraft:deepslate_iron_ore":17,"minecraft:lantern":10,"minecraft:stripped_oak_log":8,"minecraft:stone":273,"minecraft:scaffolding":1,"born_in_chaos_v1:marigolds":2,"minecraft:oak_fence":25,"minecraft:crafting_table":7,"minecraft:rose_bush":6,"minecraft:lapis_ore":1,"minecraft:blue_bed":9,"supplementaries:urn":10,"minecraft:beehive":5,"minecraft:sweet_berry_bush":9,"minecraft:ice":1,"iceandfire:pixie_house_mushroom_red":1,"minecraft:yellow_bed":2,"minecraft:coal_ore":220,"minecraft:cherry_leaves":137,"quark:spruce_chest":1,"minecraft:flower_pot":1,"minecraft:cyan_carpet":2,"minecraft:cracked_stone_bricks":2,"minecraft:mossy_stone_bricks":2,"ecologics:coconut_seedling":2},"minecraft:broken":{"minecraft:iron_chestplate":1,"minecraft:iron_leggings":1,"minecraft:iron_sword":1,"minecraft:shield":2,"minecraft:iron_pickaxe":2,"minecraft:iron_helmet":1,"mutantmonsters:hulk_hammer":1,"minecraft:iron_shovel":10,"minecraft:golden_leggings":1,"minecraft:stone_pickaxe":1,"minecraft:diamond_boots":1,"minecraft:chainmail_chestplate":1},"minecraft:killed":{"minecraft:skeleton":9,"alexsmobs:leafcutter_ant":1,"luminousworld:trout_fish":1,"minecraft:pillager":11,"minecraft:zombie":15,"minecraft:vindicator":4,"undead_revamp2:bomber":1,"born_in_chaos_v1:barrel_zombie":2,"minecraft:husk":4,"iceandfire:cyclops":1,"undead_revamp2:the_moonflower":4,"minecraft:frog":1,"born_in_chaos_v1:decrepit_skeleton":1,"iceandfire:ghost":2,"minecraft:spider":2,"undead_revamp2:thesmoker":1,"creeperoverhaul:bamboo_creeper":2,"minecraft:piglin_brute":1,"minecraft:piglin":2,"minecraft:sheep":1,"born_in_chaos_v1:dread_hound":2,"iceandfire:pixie":2,"luminousworld:dark_oak_zombie":1,"born_in_chaos_v1:siamese_skeletonsleft":1,"undead_revamp2:thegliter":1,"enemyexpansion:direwolf":1,"born_in_chaos_v1:maggot":1,"naturalist:bass":2,"born_in_chaos_v1:corpse_fish":3,"undead_revamp2:sucker":5,"mutantmonsters:mutant_zombie":1},"minecraft:custom":{"minecraft:interact_with_crafting_table":50,"minecraft:open_barrel":65,"minecraft:eat_cake_slice":3,"minecraft:leave_game":8,"minecraft:time_since_death":9986,"minecraft:damage_blocked_by_shield":5970,"minecraft:play_time":922180,"minecraft:deaths":77,"minecraft:jump":10336,"minecraft:interact_with_furnace":62,"minecraft:interact_with_cartography_table":1,"minecraft:sleep_in_bed":45,"minecraft:damage_dealt":23998,"tombstone:undead_killed":48,"minecraft:interact_with_smoker":23,"minecraft:interact_with_anvil":5,"minecraft:damage_dealt_absorbed":120,"minecraft:sneak_time":29580,"minecraft:interact_with_blast_furnace":8,"minecraft:total_world_time":922180,"tombstone:raider_killed":15,"minecraft:tune_noteblock":1,"minecraft:interact_with_stonecutter":8,"minecraft:time_since_rest":9498,"minecraft:swim_one_cm":262012,"minecraft:fly_one_cm":1495033,"minecraft:open_chest":348,"minecraft:fall_one_cm":264433,"minecraft:sprint_one_cm":2748347,"minecraft:drop":163,"minecraft:walk_on_water_one_cm":203790,"minecraft:interact_with_loom":1,"minecraft:crouch_one_cm":94428,"minecraft:mob_kills":93,"minecraft:fill_cauldron":1,"minecraft:interact_with_campfire":4,"minecraft:damage_dealt_resisted":214,"minecraft:climb_one_cm":62032,"minecraft:walk_one_cm":3406546,"minecraft:walk_under_water_one_cm":129815,"minecraft:boat_one_cm":93049,"minecraft:pot_flower":5,"minecraft:interact_with_grindstone":1,"minecraft:damage_taken":37655,"minecraft:trigger_trapped_chest":1},"minecraft:used":{"fantasyfurniture:dunmer/counter":18,"minecraft:beetroot":1,"minecraft:poppy":1,"minecraft:ladder":3,"fantasyfurniture:decorations/venthyr_tomes":8,"nfm:red_lamp":2,"cfm:red_kitchen_sink":1,"minecraft:rotten_flesh":2,"cfm:oak_blinds":13,"naturalist:cooked_bass":2,"minecraft:polished_andesite_stairs":10,"fantasyfurniture:dunmer/chair":14,"minecraft:dark_oak_button":1,"minecraft:rabbit_stew":2,"fantasyfurniture:decorations/bolts_of_cloth":1,"fantasyfurniture:decorations/royal_floor_cushion":3,"minecraft:bow":14,"minecraft:furnace":2,"minecraft:sweet_berries":135,"mutantmonsters:hulk_hammer":80,"fantasyfurniture:decorations/venthyr_widow_bloom":2,"minecraft:oak_sapling":10,"minecraft:cooked_cod":1,"minecraft:wooden_pickaxe":5,"minecraft:oak_leaves":8,"minecraft:glow_berries":1,"minecraft:sand":5,"fantasyfurniture:decorations/royal_chalices":7,"fantasyfurniture:decorations/venthyr_food_0":5,"fantasyfurniture:nordic/oven":1,"fantasyfurniture:decorations/bowl_mushroom_stew":3,"minecraft:cyan_carpet":10,"minecraft:spore_blossom":6,"cfm:spruce_mail_box":4,"fantasyfurniture:decorations/potion_bottles":3,"minecraft:wooden_sword":4,"minecraft:dark_oak_fence":26,"luminousworld:bucket_of_bass":1,"fantasyfurniture:decorations/book_stack":6,"minecraft:oak_trapdoor":2,"minecraft:stone_sword":28,"fantasyfurniture:dunmer/painting_wide":2,"fantasyfurniture:decorations/royal_wall_mirror_large":3,"fantasyfurniture:decorations/tankards_empty":8,"minecraft:cooked_salmon":1,"minecraft:stick":1,"minecraft:torch":167,"minecraft:brewing_stand":1,"fantasyfurniture:decorations/royal_platter":8,"fantasyfurniture:decorations/bowl_beetroot_soup":4,"fantasyfurniture:royal/chandelier":4,"minecraft:cod_bucket":1,"fantasyfurniture:dunmer/shelf":10,"cfm:flowering_azalea_hedge":6,"minecraft:iron_axe":488,"minecraft:barrel":4,"minecraft:bamboo":65,"cfm:fridge_light":4,"tombstone:gift":11,"ecologics:coconut_seedling":3,"cfm:dark_oak_hedge":2,"minecraft:pointed_dripstone":2,"minecraft:wheat_seeds":37,"minecraft:water_bucket":179,"minecraft:bundle":1,"fantasyfurniture:decorations/floating_tomes":1,"fantasyfurniture:decorations/muffins_sweetberry":12,"cfm:dark_oak_blinds":7,"minecraft:cauldron":2,"nfm:birch_door_bell":2,"minecraft:oak_slab":69,"minecraft:crafting_table":13,"minecraft:white_bed":6,"minecraft:dark_oak_fence_gate":2,"minecraft:cake":2,"minecraft:spruce_log":2,"cfm:spruce_upgraded_gate":1,"minecraft:oak_log":2,"fantasyfurniture:dunmer/wardrobe_bottom":1,"minecraft:iron_pickaxe":687,"minecraft:spruce_trapdoor":28,"fantasyfurniture:dunmer/bookshelf":1,"fantasyfurniture:decorations/venthyr_banner":2,"quark:dark_oak_chest":2,"minecraft:cobblestone":11,"minecraft:cooked_porkchop":9,"quark:oak_chest":15,"minecraft:dandelion":1,"minecraft:cherry_sapling":4,"minecraft:iron_shovel":2986,"alexsmobs:small_catfish_bucket":1,"minecraft:oak_sign":5,"minecraft:shield":81,"fantasyfurniture:nordic/floor_light":4,"minecraft:iron_sword":514,"minecraft:mutton":1,"fantasyfurniture:decorations/nordic_boiled_creme_treats":3,"minecraft:carrot":31,"fantasyfurniture:decorations/dunmer_pottery_1":2,"born_in_chaos_v1:corpse_maggot":1,"minecraft:glass":117,"cfm:door_mat":2,"luminousworld:blueberry":5,"fantasyfurniture:nordic/bookshelf":3,"minecraft:lantern":13,"minecraft:stone_bricks":37,"minecraft:item_frame":2,"fantasyfurniture:nordic/chandelier":2,"minecraft:red_carpet":2,"minecraft:repeater":3,"minecraft:hay_block":1,"minecraft:scaffolding":2,"fantasyfurniture:decorations/cookie_jar":1,"fantasyfurniture:decorations/dunmer_pottery_0":2,"fantasyfurniture:dunmer/door_single":3,"minecraft:dark_oak_sapling":4,"minecraft:dark_oak_stairs":215,"minecraft:stone_pickaxe":131,"minecraft:oak_planks":183,"minecraft:ender_pearl":1,"fantasyfurniture:nordic/wall_light":11,"luminousworld:groundpebbles_1":21,"minecraft:blue_bed":7,"minecraft:sugar_cane":64,"fantasyfurniture:dunmer/floor_light":8,"alexscaves:cave_book":1,"minecraft:mushroom_stew":9,"minecraft:stone_brick_wall":157,"minecraft:black_bed":4,"fantasyfurniture:decorations/royal_cushioned_crown":1,"minecraft:shears":15,"alexsmobs:terrapin_bucket":1,"minecraft:dark_oak_log":1,"fantasyfurniture:decorations/paper_stack":6,"minecraft:cyan_bed":2,"fantasyfurniture:decorations/berry_basket_strawberry":4,"minecraft:bread":213,"minecraft:melon_slice":20,"fantasyfurniture:decorations/fairy_lights_1":3,"tombstone:grave_key":27,"ecologics:coconut_slice":16,"born_in_chaos_v1:rotten_fish":1,"luminousworld:purple_petunias":1,"minecraft:grindstone":1,"fantasyfurniture:dunmer/wardrobe_top":1,"minecraft:oak_fence":24,"minecraft:rose_bush":4,"fantasyfurniture:decorations/royal_candelabra":5,"minecraft:spruce_planks":21,"minecraft:cooked_chicken":1,"minecraft:oak_door":3,"alexscaves:cooked_tripodfish":1,"minecraft:dirt":1638,"minecraft:white_carpet":85,"iceandfire:pixie_dust":1,"luminousworld:grassflowers":1,"fantasyfurniture:decorations/bronze_chain":7,"fantasyfurniture:venthyr/wall_light":2,"minecraft:wooden_axe":38,"quark:spruce_chest":4,"minecraft:oak_stairs":11,"fantasyfurniture:dunmer/desk_left":6,"fantasyfurniture:dunmer/dresser":2,"fantasyfurniture:nordic/chest":2,"naturalist:bass_bucket":1,"minecraft:cooked_beef":1,"minecraft:powder_snow_bucket":1,"minecraft:beetroot_soup":1,"fantasyfurniture:decorations/venthyr_candles":3,"minecraft:cooked_mutton":7,"fantasyfurniture:venthyr/carpet":28,"minecraft:stonecutter":1,"nfm:white_cup":4,"luminousworld:white_petunias":1,"fantasyfurniture:venthyr/cushion":3,"tombstone:bag_of_seeds":2,"minecraft:flower_pot":7,"minecraft:apple":8,"fantasyfurniture:nordic/wardrobe_top":1,"cfm:fridge_dark":1,"minecraft:pink_petals":24,"luminousworld:trout":1,"minecraft:bucket":186,"minecraft:yellow_bed":2,"minecraft:pumpkin_pie":1,"minecraft:purple_carpet":1},"minecraft:picked_up":{"minecraft:seagrass":1,"minecraft:iron_chestplate":1,"luminousworld:blackberry":1,"minecraft:flower_pot":9,"minecraft:oak_stairs":67,"minecraft:enchanted_book":1,"minecraft:brewing_stand":3,"minecraft:string":41,"minecraft:beetroot_soup":1,"minecraft:beetroot":2,"minecraft:gold_nugget":56,"minecraft:cobbled_deepslate":5,"minecraft:spruce_planks":5,"minecraft:coal_block":19,"minecraft:melon_slice":17,"minecraft:beehive":5,"minecraft:cauldron":2,"minecraft:brown_carpet":6,"quark:clear_shard":18,"luminousworld:grassflowers":8,"minecraft:stone_sword":1,"luminousworld:yellow_grassflowers":3,"minecraft:iron_block":1,"supplementaries:ash":37,"minecraft:magma_block":1,"minecraft:cooked_beef":1,"minecraft:feather":1,"minecraft:water_bucket":6,"luminousworld:purple_petunias":3,"minecraft:lantern":14,"born_in_chaos_v1:marigolds":5,"minecraft:purple_carpet":5,"undead_revamp2:blacpetalblock":1,"minecraft:dark_oak_sign":1,"minecraft:pitcher_pod":5,"tombstone:scroll_of_feather_fall":1,"minecraft:dark_oak_log":8,"minecraft:barrel":1,"minecraft:bundle":2,"cfm:spruce_mail_box":1,"luminousworld:yellowpetunias":3,"minecraft:writable_book":1,"minecraft:granite":5,"minecraft:bread":8,"minecraft:spruce_button":5,"minecraft:chainmail_helmet":1,"born_in_chaos_v1:rotten_fish":1,"minecraft:dark_oak_fence":3,"sophisticatedbackpacks:gold_backpack":1,"luminousworld:groundpebbles_1":18,"minecraft:crafting_table":7,"luminousworld:trout":1,"minecraft:cornflower":3,"minecraft:white_carpet":71,"born_in_chaos_v1:intoxicating_decoction":1,"minecraft:iron_shovel":1,"minecraft:cracked_stone_bricks":2,"quark:spruce_chest":1,"minecraft:poppy":7,"minecraft:birch_sapling":5,"minecraft:piston":1,"luminousworld:spuds":1,"minecraft:oak_door":1,"luminousworld:blue_petunias":2,"minecraft:spruce_fence":4,"minecraft:white_dye":2,"minecraft:carrot":22,"minecraft:redstone":2,"minecraft:prismarine_crystals":2,"minecraft:tnt":1,"minecraft:hay_block":35,"minecraft:gold_ingot":1,"minecraft:glow_berries":1,"minecraft:mutton":7,"minecraft:bone_block":50,"minecraft:white_wool":9,"minecraft:rail":1,"minecraft:oxeye_daisy":1,"minecraft:stripped_oak_log":8,"born_in_chaos_v1:monster_flesh":1,"luminousworld:ishstone":6,"minecraft:oak_log":94,"minecraft:blue_bed":8,"minecraft:paper":1,"minecraft:white_banner":8,"tombstone:gift":1,"iceandfire:pixie_house_mushroom_red":1,"minecraft:apple":1,"minecraft:stone_bricks":34,"minecraft:kelp":11,"minecraft:spore_blossom":5,"minecraft:stone_pickaxe":1,"tombstone:bag_of_seeds":2,"minecraft:iron_sword":3,"minecraft:dark_oak_stairs":31,"minecraft:polished_andesite_stairs":4,"minecraft:sweet_berries":107,"mca:divorce_papers":1,"minecraft:gravel":5,"minecraft:spruce_log":29,"fantasyfurniture:decorations/tankards_empty":1,"tombstone:scroll_of_true_sight":1,"minecraft:slime_ball":5,"luminousworld:decorative_red_2":1,"minecraft:baked_potato":2,"minecraft:wheat":72,"illagerinvasion:platinum_chunk":6,"aether:iron_gloves":2,"minecraft:potion":3,"minecraft:stone_brick_stairs":1,"tombstone:grave_key":2,"minecraft:raw_copper":9,"minecraft:iron_leggings":1,"minecraft:red_candle":4,"minecraft:oak_sign":5,"minecraft:bucket":1,"minecraft:rose_bush":6,"minecraft:calcite":2,"minecraft:iron_boots":2,"minecraft:furnace":2,"minecraft:stick":9,"iceandfire:pixie_dust":3,"minecraft:oak_fence":25,"ecologics:coconut_seedling":3,"minecraft:torch":112,"minecraft:spruce_stairs":5,"tombstone:grave_dust":7,"minecraft:pointed_dripstone":2,"aether:golden_gloves":1,"mutantmonsters:hulk_hammer":1,"minecraft:rotten_flesh":62,"supplementaries:antique_ink":6,"ecologics:coconut_log":9,"undead_revamp2:arapholia":1,"minecraft:cobblestone":277,"paraglider:paraglider":1,"fantasyfurniture:dunmer/door_single":1,"minecraft:pink_petals":30,"minecraft:lilac":3,"minecraft:repeater":3,"minecraft:andesite":6,"minecraft:black_bed":4,"minecraft:potato":109,"alexscaves:cave_book":1,"supplementaries:flax_seeds":5,"minecraft:dirt":1932,"minecraft:lapis_lazuli":21,"born_in_chaos_v1:monster_skin":1,"minecraft:bone":16,"minecraft:bow":1,"minecraft:wheat_seeds":164,"minecraft:raw_gold":12,"minecraft:birch_wood":3,"minecraft:grindstone":1,"minecraft:mossy_stone_bricks":2,"minecraft:bamboo":76,"minecraft:oak_planks":77,"minecraft:cooked_porkchop":2,"minecraft:poisonous_potato":2,"earthmobsmod:harder_flesh":1,"minecraft:sand":416,"minecraft:lily_of_the_valley":2,"minecraft:dead_bush":1,"minecraft:cyan_bed":3,"minecraft:diamond":5,"luminousworld:blueberry":5,"minecraft:bone_meal":2,"minecraft:grass":5,"minecraft:golden_apple":2,"minecraft:emerald":13,"minecraft:oak_sapling":12,"minecraft:netherrack":13,"minecraft:oak_leaves":8,"minecraft:cocoa_beans":5,"minecraft:charcoal":6,"undead_revamp2:bostroxingot":1,"minecraft:azure_bluet":1,"minecraft:ladder":5,"born_in_chaos_v1:river_mint":11,"minecraft:brown_mushroom":1,"minecraft:cooked_rabbit":1,"minecraft:wooden_pickaxe":1,"minecraft:stone_brick_wall":59,"minecraft:shield":2,"minecraft:oak_trapdoor":2,"minecraft:iron_axe":2,"minecraft:item_frame":12,"minecraft:cyan_carpet":15,"minecraft:sugar_cane":88,"minecraft:spruce_trapdoor":31,"minecraft:dark_oak_sapling":2,"minecraft:raw_iron":98,"ecologics:coconut_slice":20,"minecraft:stone_button":8,"minecraft:cookie":1,"minecraft:dark_oak_planks":2,"minecraft:arrow":10,"minecraft:pumpkin_pie":2,"minecraft:saddle":1,"born_in_chaos_v1:fused_bone":1,"born_in_chaos_v1:corpse_maggot":1,"minecraft:dark_oak_button":1,"minecraft:salmon":1,"minecraft:leather":7,"minecraft:chainmail_chestplate":1,"minecraft:yellow_bed":2,"minecraft:gunpowder":4,"minecraft:cobblestone_stairs":1,"naturalist:bass":2,"minecraft:cooked_mutton":2,"minecraft:red_carpet":2,"minecraft:iron_ingot":7,"minecraft:cooked_chicken":2,"luminousworld:white_petunias":2,"minecraft:purple_concrete":3,"minecraft:book":55,"minecraft:scaffolding":1,"minecraft:oak_slab":29,"iceandfire:ash":1,"minecraft:dandelion":20,"luminousworld:sunset_petunias":3,"minecraft:white_bed":10,"minecraft:dark_oak_fence_gate":2,"quark:oak_chest":4,"minecraft:spider_eye":1,"minecraft:pumpkin_seeds":3,"minecraft:iron_helmet":1,"minecraft:cherry_sapling":5,"tombstone:magic_scroll":1,"minecraft:coal":244},"minecraft:dropped":{"minecraft:iron_sword":2,"minecraft:diamond":4,"minecraft:saddle":1,"minecraft:emerald":5,"born_in_chaos_v1:monster_flesh":1,"minecraft:dirt":37,"tombstone:scroll_of_true_sight":1,"minecraft:bone_meal":2,"minecraft:wooden_sword":1,"minecraft:bone_block":40,"minecraft:iron_pickaxe":2,"quark:ancient_tome":1,"minecraft:bone":3,"minecraft:iron_nugget":42,"minecraft:cobbled_deepslate":2,"alexsmobs:animal_dictionary":1,"aether:golden_gloves":1,"minecraft:birch_sapling":4,"minecraft:rotten_flesh":3,"minecraft:birch_wood":1,"minecraft:white_bed":2,"supplementaries:flax_seeds":2,"minecraft:red_candle":4,"tombstone:scroll_of_feather_fall":1,"minecraft:enchanted_book":5,"minecraft:iron_ingot":55,"minecraft:wheat_seeds":26,"minecraft:golden_horse_armor":1,"minecraft:feather":1,"minecraft:prismarine_crystals":2,"minecraft:coal":62,"minecraft:coal_block":16,"minecraft:wooden_axe":1,"minecraft:cooked_salmon":1,"minecraft:oak_stairs":60,"minecraft:string":9,"tombstone:voodoo_poppet":1,"minecraft:cocoa_beans":4,"minecraft:diamond_hoe":1,"earthmobsmod:harder_flesh":1,"minecraft:pumpkin_seeds":3,"minecraft:potato":16,"minecraft:spruce_trapdoor":2,"minecraft:bundle":2,"minecraft:bamboo":13,"minecraft:vex_armor_trim_smithing_template":2,"luminousworld:yellowpetunias":1,"minecraft:baked_potato":1,"luminousworld:spuds":1,"ecologics:coconut_slice":2,"minecraft:cooked_cod":1,"minecraft:gold_ingot":12,"minecraft:cherry_sapling":1,"minecraft:beetroot":1,"minecraft:carrot":14,"supplementaries:antique_ink":3,"minecraft:chainmail_chestplate":2,"supplementaries:ash":11,"minecraft:gunpowder":4,"born_in_chaos_v1:corpse_maggot":1,"ecologics:coconut_husk":14,"minecraft:iron_ore":84,"minecraft:water_bucket":1,"minecraft:lilac":3,"illagerinvasion:platinum_chunk":4,"mca:book_romance":1,"tombstone:magic_scroll":2,"tombstone:grave_key":3,"tombstone:grave_dust":2,"minecraft:pink_petals":6,"minecraft:kelp":4,"tombstone:scroll_of_unstable_intangibility":1,"undead_revamp2:bostroxingot":1,"minecraft:shield":1,"aether:iron_gloves":2,"luminousworld:groundpebbles_1":2,"minecraft:wooden_pickaxe":1},"minecraft:crafted":{"naturalist:cooked_bass":2,"minecraft:cooked_mutton":7,"minecraft:glass":162,"minecraft:cooked_porkchop":7,"quark:oak_chest":9,"minecraft:iron_pickaxe":6,"minecraft:white_carpet":21,"minecraft:dark_oak_fence":24,"minecraft:stone_pickaxe":1,"quark:spruce_chest":3,"minecraft:dark_oak_planks":368,"minecraft:wheat":450,"minecraft:wooden_axe":1,"minecraft:oak_stairs":4,"minecraft:iron_shovel":11,"minecraft:iron_leggings":1,"minecraft:oak_planks":492,"minecraft:stone":97,"minecraft:oak_slab":42,"minecraft:crafting_table":6,"minecraft:spruce_planks":108,"minecraft:wooden_pickaxe":1,"minecraft:baked_potato":93,"minecraft:iron_helmet":2,"minecraft:iron_chestplate":1,"minecraft:shield":2,"minecraft:stick":120,"minecraft:iron_ingot":215,"minecraft:stone_sword":1,"minecraft:shears":2,"minecraft:wooden_sword":1,"minecraft:oak_door":3,"minecraft:coal":90,"minecraft:furnace":1,"quark:dark_oak_chest":2,"minecraft:cooked_beef":30,"minecraft:cooked_cod":2,"minecraft:dark_oak_stairs":196,"minecraft:cooked_salmon":1,"minecraft:bucket":1,"minecraft:bread":187,"minecraft:air":0,"minecraft:stonecutter":1,"minecraft:torch":108}},"DataVersion":3465}