{"stats":{"minecraft:killed_by":{"mutantmonsters:mutant_zombie":2,"iceandfire:cyclops":15,"minecraft:piglin_brute":6,"endermanoverhaul:cave_enderman":1,"minecraft:creeper":1,"minecraft:pillager":1,"born_in_chaos_v1:corpse_fly":1,"enemyexpansion:huntsman":1,"earthmobsmod:bouldering_zombie":1,"minecraft:vindicator":6,"minecraft:zombie":1,"undead_revamp2:thepregnant":1,"iceandfire:fire_dragon":5,"undead_revamp2:theimmortal":1,"minecraft:husk":6,"minecraft:player":1,"alexsmobs:bison":1,"undead_revamp2:thespitter":1,"mutantmonsters:mutant_skeleton":1,"minecraft:skeleton":10,"iceandfire:lightning_dragon":3,"enemyexpansion:direwolf":1,"iceandfire:ghost":2},"minecraft:mined":{"luminousworld:white_petunias":3,"minecraft:dark_oak_planks":2,"minecraft:large_amethyst_bud":1,"minecraft:spruce_planks":4,"minecraft:white_bed":10,"minecraft:cobblestone_stairs":1,"minecraft:jungle_leaves":2,"minecraft:brewing_stand":3,"minecraft:spruce_trapdoor":29,"minecraft:potted_dead_bush":1,"minecraft:stone_brick_wall":42,"minecraft:grass_block":756,"ecologics:coconut_leaves":4,"minecraft:coal_block":19,"minecraft:oxeye_daisy":1,"minecraft:oak_wall_sign":1,"minecraft:spawner":7,"minecraft:tall_seagrass":1,"minecraft:iron_ore":28,"minecraft:barrel":1,"minecraft:fire":33,"minecraft:azure_bluet":1,"minecraft:dark_oak_stairs":31,"placeablesmod:empty_bucket_block":1,"supplementaries:stick":1,"minecraft:dirt_path":165,"minecraft:oak_stairs":67,"minecraft:purple_carpet":3,"minecraft:potted_cornflower":3,"minecraft:iron_block":1,"minecraft:tripwire":1,"minecraft:kelp_plant":8,"luminousworld:purple_petunias":2,"minecraft:torch":16,"minecraft:polished_andesite_stairs":4,"minecraft:calcite":2,"minecraft:melon":5,"minecraft:poppy":4,"minecraft:mushroom_stem":5,"minecraft:glass":7,"minecraft:cobblestone":9,"minecraft:grindstone":1,"minecraft:cyan_bed":3,"minecraft:oak_planks":87,"minecraft:sugar_cane":33,"placeablesmod:bread_full_block":2,"minecraft:wall_torch":18,"minecraft:cauldron":1,"mca:cross_headstone":1,"minecraft:pink_petals":12,"minecraft:seagrass":2,"minecraft:repeater":3,"minecraft:wheat":4,"minecraft:lilac":2,"born_in_chaos_v1:river_mint":1,"minecraft:tnt":1,"minecraft:black_bed":4,"minecraft:potted_poppy":1,"minecraft:grass":222,"minecraft:oak_log":79,"minecraft:oak_fence_gate":1,"minecraft:dirt":1011,"minecraft:sand":418,"luminousworld:grassvariant_3":41,"minecraft:piston":1,"minecraft:oak_leaves":218,"cfm:spruce_mail_box":1,"minecraft:red_carpet":2,"luminousworld:groundpebbles_1":10,"luminousworld:grassvariant_4":2,"minecraft:dark_oak_leaves":18,"minecraft:oak_door":1,"luminousworld:blue_petunias":1,"minecraft:cherry_sapling":1,"minecraft:dark_oak_log":8,"minecraft:dark_oak_fence":3,"minecraft:ladder":5,"alexsmobs:leafcutter_ant_chamber":1,"luminousworld:grassvariant_2":44,"luminousworld:blackberrybush":1,"ecologics:coconut_log":9,"minecraft:spruce_leaves":4,"minecraft:kelp":6,"luminousworld:groundpebbles_3":2,"minecraft:hay_block":35,"minecraft:spore_blossom":5,"luminousworld:sunset_petunias":1,"fantasyfurniture:dunmer/door_single":1,"minecraft:oak_trapdoor":2,"minecraft:furnace":1,"luminousworld:yellow_grassflowers":2,"minecraft:andesite":5,"placeablesmod:water_bucket_block":5,"minecraft:dark_oak_fence_gate":2,"minecraft:bookshelf":17,"minecraft:vine":2,"minecraft:lantern":10,"minecraft:stripped_oak_log":8,"minecraft:bamboo":14,"minecraft:stone":257,"minecraft:bone_block":40,"minecraft:cake":1,"minecraft:oak_slab":29,"minecraft:scaffolding":1,"minecraft:glass_pane":1,"born_in_chaos_v1:marigolds":2,"quark:oak_chest":4,"minecraft:potted_lily_of_the_valley":3,"minecraft:brown_carpet":2,"minecraft:dandelion":14,"minecraft:oak_fence":25,"minecraft:crafting_table":6,"minecraft:emerald_ore":1,"minecraft:rose_bush":6,"minecraft:campfire":1,"luminousworld:grassflowers":2,"minecraft:tall_grass":65,"minecraft:lapis_ore":1,"supplementaries:urn":4,"minecraft:blue_bed":9,"minecraft:beehive":5,"minecraft:sweet_berry_bush":9,"minecraft:ice":1,"minecraft:white_carpet":64,"minecraft:spruce_log":30,"minecraft:birch_leaves":47,"iceandfire:pixie_house_mushroom_red":1,"minecraft:yellow_bed":2,"luminousworld:ishstone":3,"minecraft:coal_ore":142,"minecraft:dark_oak_button":1,"minecraft:cyan_carpet":2,"minecraft:flower_pot":1,"minecraft:cherry_leaves":137,"quark:spruce_chest":1,"minecraft:gravel":5,"minecraft:cobweb":34,"minecraft:cracked_stone_bricks":2,"minecraft:stone_bricks":33,"minecraft:mossy_stone_bricks":2,"ecologics:coconut_seedling":2,"minecraft:fern":1},"minecraft:killed":{"minecraft:spider":2,"undead_revamp2:thesmoker":1,"creeperoverhaul:bamboo_creeper":2,"minecraft:skeleton":8,"alexsmobs:leafcutter_ant":1,"minecraft:piglin_brute":1,"minecraft:piglin":2,"luminousworld:trout_fish":1,"minecraft:sheep":1,"minecraft:pillager":11,"minecraft:zombie":4,"born_in_chaos_v1:dread_hound":2,"iceandfire:pixie":2,"luminousworld:dark_oak_zombie":1,"born_in_chaos_v1:siamese_skeletonsleft":1,"minecraft:vindicator":4,"undead_revamp2:bomber":1,"born_in_chaos_v1:maggot":1,"naturalist:bass":2,"born_in_chaos_v1:corpse_fish":3,"undead_revamp2:sucker":5,"born_in_chaos_v1:barrel_zombie":1,"minecraft:husk":4,"iceandfire:cyclops":1,"undead_revamp2:the_moonflower":4,"minecraft:frog":1,"born_in_chaos_v1:decrepit_skeleton":1,"iceandfire:ghost":2,"mutantmonsters:mutant_zombie":1},"minecraft:custom":{"minecraft:interact_with_crafting_table":46,"minecraft:open_barrel":64,"minecraft:eat_cake_slice":2,"minecraft:leave_game":8,"minecraft:time_since_death":17363,"minecraft:sprint_one_cm":2652031,"minecraft:damage_blocked_by_shield":5415,"minecraft:drop":149,"minecraft:play_time":880180,"minecraft:deaths":72,"minecraft:jump":9810,"minecraft:walk_on_water_one_cm":200877,"minecraft:interact_with_furnace":57,"minecraft:interact_with_cartography_table":1,"minecraft:interact_with_loom":1,"minecraft:sleep_in_bed":44,"minecraft:damage_dealt":20556,"minecraft:crouch_one_cm":94227,"tombstone:undead_killed":34,"minecraft:interact_with_smoker":16,"minecraft:interact_with_anvil":2,"minecraft:mob_kills":75,"minecraft:interact_with_campfire":4,"minecraft:damage_dealt_resisted":131,"minecraft:climb_one_cm":62032,"minecraft:walk_one_cm":3246918,"minecraft:damage_dealt_absorbed":120,"minecraft:sneak_time":29354,"minecraft:walk_under_water_one_cm":128654,"minecraft:boat_one_cm":93049,"minecraft:interact_with_blast_furnace":7,"minecraft:total_world_time":880180,"tombstone:raider_killed":15,"minecraft:tune_noteblock":1,"minecraft:pot_flower":5,"minecraft:interact_with_stonecutter":8,"minecraft:time_since_rest":17129,"minecraft:damage_taken":34417,"minecraft:trigger_trapped_chest":1,"minecraft:swim_one_cm":261402,"minecraft:fly_one_cm":1448452,"minecraft:open_chest":302,"minecraft:fall_one_cm":252773},"minecraft:broken":{"minecraft:iron_shovel":10,"minecraft:iron_chestplate":1,"minecraft:iron_leggings":1,"minecraft:golden_leggings":1,"minecraft:stone_pickaxe":1,"minecraft:chainmail_chestplate":1,"minecraft:iron_sword":1,"minecraft:shield":2,"minecraft:iron_pickaxe":2,"minecraft:iron_helmet":1},"minecraft:used":{"minecraft:beetroot":1,"minecraft:cherry_sapling":4,"minecraft:iron_shovel":2986,"alexsmobs:small_catfish_bucket":1,"minecraft:ladder":3,"minecraft:poppy":1,"minecraft:oak_sign":5,"minecraft:shield":76,"fantasyfurniture:nordic/floor_light":4,"fantasyfurniture:decorations/venthyr_tomes":8,"nfm:red_lamp":2,"minecraft:iron_sword":447,"cfm:red_kitchen_sink":1,"minecraft:rotten_flesh":2,"minecraft:mutton":1,"fantasyfurniture:decorations/nordic_boiled_creme_treats":3,"cfm:oak_blinds":13,"minecraft:carrot":31,"naturalist:cooked_bass":2,"fantasyfurniture:decorations/dunmer_pottery_1":2,"minecraft:glass":117,"born_in_chaos_v1:corpse_maggot":1,"cfm:door_mat":2,"luminousworld:blueberry":5,"fantasyfurniture:nordic/bookshelf":3,"minecraft:lantern":13,"minecraft:polished_andesite_stairs":10,"fantasyfurniture:dunmer/chair":14,"minecraft:repeater":3,"fantasyfurniture:decorations/royal_floor_cushion":3,"minecraft:dark_oak_button":1,"minecraft:red_carpet":2,"minecraft:item_frame":2,"minecraft:stone_bricks":37,"fantasyfurniture:decorations/bolts_of_cloth":1,"fantasyfurniture:nordic/chandelier":2,"minecraft:bow":14,"minecraft:scaffolding":2,"minecraft:hay_block":1,"minecraft:oak_sapling":10,"minecraft:sweet_berries":135,"mutantmonsters:hulk_hammer":77,"fantasyfurniture:decorations/venthyr_widow_bloom":2,"fantasyfurniture:decorations/cookie_jar":1,"minecraft:furnace":2,"minecraft:cooked_cod":1,"fantasyfurniture:decorations/dunmer_pottery_0":2,"fantasyfurniture:dunmer/door_single":3,"minecraft:dark_oak_sapling":4,"minecraft:dark_oak_stairs":215,"minecraft:stone_pickaxe":131,"minecraft:oak_planks":183,"minecraft:ender_pearl":1,"minecraft:wooden_pickaxe":5,"fantasyfurniture:nordic/wall_light":11,"luminousworld:groundpebbles_1":21,"minecraft:sugar_cane":64,"minecraft:blue_bed":7,"minecraft:oak_leaves":8,"minecraft:sand":5,"fantasyfurniture:dunmer/floor_light":8,"minecraft:mushroom_stew":9,"minecraft:stone_brick_wall":157,"fantasyfurniture:decorations/royal_chalices":7,"minecraft:black_bed":4,"fantasyfurniture:decorations/royal_cushioned_crown":1,"minecraft:shears":15,"fantasyfurniture:decorations/venthyr_food_0":5,"alexsmobs:terrapin_bucket":1,"fantasyfurniture:nordic/oven":1,"fantasyfurniture:decorations/bowl_mushroom_stew":3,"fantasyfurniture:decorations/berry_basket_strawberry":4,"minecraft:dark_oak_log":1,"fantasyfurniture:decorations/paper_stack":6,"minecraft:melon_slice":20,"minecraft:bread":193,"minecraft:cyan_bed":2,"minecraft:cyan_carpet":10,"minecraft:spore_blossom":6,"tombstone:grave_key":23,"fantasyfurniture:decorations/fairy_lights_1":3,"cfm:spruce_mail_box":4,"ecologics:coconut_slice":16,"fantasyfurniture:decorations/potion_bottles":3,"minecraft:wooden_sword":4,"born_in_chaos_v1:rotten_fish":1,"luminousworld:purple_petunias":1,"minecraft:dark_oak_fence":26,"fantasyfurniture:decorations/book_stack":6,"minecraft:oak_fence":24,"luminousworld:bucket_of_bass":1,"fantasyfurniture:dunmer/wardrobe_top":1,"minecraft:oak_trapdoor":2,"minecraft:rose_bush":4,"minecraft:stone_sword":28,"fantasyfurniture:decorations/royal_wall_mirror_large":3,"fantasyfurniture:dunmer/painting_wide":2,"minecraft:spruce_planks":21,"fantasyfurniture:decorations/royal_candelabra":5,"fantasyfurniture:decorations/tankards_empty":8,"minecraft:cooked_salmon":1,"minecraft:cooked_chicken":1,"minecraft:stick":1,"minecraft:oak_door":3,"minecraft:torch":106,"minecraft:brewing_stand":1,"minecraft:dirt":1638,"alexscaves:cooked_tripodfish":1,"fantasyfurniture:decorations/bowl_beetroot_soup":4,"minecraft:white_carpet":85,"fantasyfurniture:decorations/royal_platter":8,"iceandfire:pixie_dust":1,"luminousworld:grassflowers":1,"fantasyfurniture:royal/chandelier":4,"fantasyfurniture:decorations/bronze_chain":7,"minecraft:cod_bucket":1,"fantasyfurniture:dunmer/shelf":10,"fantasyfurniture:venthyr/wall_light":2,"minecraft:wooden_axe":38,"cfm:flowering_azalea_hedge":6,"quark:spruce_chest":4,"minecraft:iron_axe":487,"minecraft:oak_stairs":11,"minecraft:barrel":4,"fantasyfurniture:dunmer/desk_left":6,"minecraft:bamboo":65,"fantasyfurniture:dunmer/dresser":2,"cfm:fridge_light":4,"fantasyfurniture:nordic/chest":2,"tombstone:gift":11,"naturalist:bass_bucket":1,"ecologics:coconut_seedling":3,"minecraft:cooked_beef":1,"cfm:dark_oak_hedge":2,"minecraft:powder_snow_bucket":1,"minecraft:beetroot_soup":1,"minecraft:wheat_seeds":37,"fantasyfurniture:decorations/venthyr_candles":3,"minecraft:cooked_mutton":7,"minecraft:water_bucket":172,"fantasyfurniture:decorations/floating_tomes":1,"minecraft:bundle":1,"fantasyfurniture:decorations/muffins_sweetberry":12,"cfm:dark_oak_blinds":7,"fantasyfurniture:venthyr/carpet":28,"minecraft:stonecutter":1,"nfm:white_cup":4,"nfm:birch_door_bell":2,"luminousworld:white_petunias":1,"minecraft:crafting_table":12,"minecraft:oak_slab":69,"fantasyfurniture:venthyr/cushion":3,"minecraft:white_bed":6,"minecraft:dark_oak_fence_gate":2,"tombstone:bag_of_seeds":1,"minecraft:spruce_log":2,"minecraft:cake":1,"cfm:spruce_upgraded_gate":1,"minecraft:oak_log":2,"fantasyfurniture:dunmer/wardrobe_bottom":1,"minecraft:flower_pot":7,"minecraft:apple":8,"fantasyfurniture:nordic/wardrobe_top":1,"minecraft:iron_pickaxe":500,"cfm:fridge_dark":1,"minecraft:spruce_trapdoor":28,"minecraft:pink_petals":24,"luminousworld:trout":1,"fantasyfurniture:dunmer/bookshelf":1,"fantasyfurniture:decorations/venthyr_banner":2,"quark:dark_oak_chest":2,"minecraft:cobblestone":11,"minecraft:cooked_porkchop":9,"minecraft:bucket":179,"minecraft:pumpkin_pie":1,"minecraft:yellow_bed":2,"quark:oak_chest":15,"minecraft:purple_carpet":1,"minecraft:dandelion":1,"fantasyfurniture:dunmer/counter":18},"minecraft:picked_up":{"minecraft:iron_chestplate":1,"minecraft:wheat":72,"illagerinvasion:platinum_chunk":6,"luminousworld:blackberry":1,"minecraft:flower_pot":9,"aether:iron_gloves":2,"minecraft:oak_stairs":67,"minecraft:potion":3,"minecraft:enchanted_book":1,"minecraft:stone_brick_stairs":1,"tombstone:grave_key":2,"minecraft:brewing_stand":3,"minecraft:string":41,"minecraft:iron_leggings":1,"minecraft:beetroot_soup":1,"minecraft:red_candle":4,"minecraft:oak_sign":5,"minecraft:beetroot":2,"minecraft:gold_nugget":56,"minecraft:bucket":1,"minecraft:spruce_planks":5,"minecraft:rose_bush":6,"minecraft:calcite":2,"minecraft:melon_slice":17,"minecraft:coal_block":19,"minecraft:iron_boots":1,"minecraft:furnace":1,"iceandfire:pixie_dust":3,"minecraft:stick":9,"minecraft:beehive":5,"minecraft:oak_fence":25,"minecraft:torch":89,"ecologics:coconut_seedling":3,"minecraft:spruce_stairs":5,"minecraft:pointed_dripstone":1,"tombstone:grave_dust":7,"aether:golden_gloves":1,"minecraft:cauldron":1,"minecraft:brown_carpet":6,"mutantmonsters:hulk_hammer":1,"luminousworld:grassflowers":8,"minecraft:stone_sword":1,"quark:clear_shard":18,"minecraft:rotten_flesh":46,"luminousworld:yellow_grassflowers":3,"ecologics:coconut_log":9,"minecraft:iron_block":1,"supplementaries:ash":34,"undead_revamp2:arapholia":1,"minecraft:cobblestone":261,"paraglider:paraglider":1,"fantasyfurniture:dunmer/door_single":1,"minecraft:pink_petals":30,"minecraft:magma_block":1,"minecraft:feather":1,"minecraft:lilac":3,"minecraft:cooked_beef":1,"minecraft:repeater":3,"minecraft:water_bucket":6,"minecraft:andesite":5,"minecraft:black_bed":4,"minecraft:potato":109,"supplementaries:flax_seeds":4,"luminousworld:purple_petunias":3,"minecraft:lapis_lazuli":8,"minecraft:dirt":1931,"minecraft:lantern":14,"born_in_chaos_v1:monster_skin":1,"born_in_chaos_v1:marigolds":5,"minecraft:purple_carpet":5,"minecraft:bone":16,"undead_revamp2:blacpetalblock":1,"minecraft:bow":1,"minecraft:wheat_seeds":162,"minecraft:birch_wood":3,"minecraft:grindstone":1,"minecraft:dark_oak_sign":1,"minecraft:mossy_stone_bricks":2,"minecraft:bamboo":76,"minecraft:oak_planks":77,"minecraft:cooked_porkchop":2,"minecraft:poisonous_potato":2,"tombstone:scroll_of_feather_fall":1,"earthmobsmod:harder_flesh":1,"minecraft:sand":416,"minecraft:cyan_bed":3,"minecraft:dead_bush":1,"minecraft:lily_of_the_valley":2,"minecraft:dark_oak_log":8,"minecraft:barrel":1,"minecraft:bundle":2,"minecraft:diamond":1,"cfm:spruce_mail_box":1,"luminousworld:yellowpetunias":3,"minecraft:writable_book":1,"luminousworld:blueberry":5,"minecraft:grass":5,"minecraft:bone_meal":2,"minecraft:golden_apple":2,"minecraft:chainmail_helmet":1,"minecraft:spruce_button":5,"minecraft:emerald":11,"minecraft:bread":3,"minecraft:oak_sapling":12,"born_in_chaos_v1:rotten_fish":1,"minecraft:dark_oak_fence":3,"minecraft:oak_leaves":8,"luminousworld:groundpebbles_1":18,"undead_revamp2:bostroxingot":1,"minecraft:charcoal":6,"sophisticatedbackpacks:gold_backpack":1,"minecraft:cocoa_beans":4,"minecraft:crafting_table":6,"minecraft:azure_bluet":1,"born_in_chaos_v1:river_mint":11,"minecraft:ladder":5,"minecraft:brown_mushroom":1,"minecraft:wooden_pickaxe":1,"minecraft:stone_brick_wall":59,"minecraft:cooked_rabbit":1,"luminousworld:trout":1,"minecraft:shield":2,"minecraft:cornflower":3,"minecraft:oak_trapdoor":2,"minecraft:iron_axe":2,"born_in_chaos_v1:intoxicating_decoction":1,"minecraft:item_frame":12,"minecraft:white_carpet":71,"minecraft:iron_shovel":1,"minecraft:cyan_carpet":15,"minecraft:cracked_stone_bricks":2,"quark:spruce_chest":1,"minecraft:poppy":7,"minecraft:sugar_cane":88,"minecraft:birch_sapling":5,"minecraft:piston":1,"minecraft:spruce_trapdoor":31,"minecraft:dark_oak_sapling":2,"minecraft:raw_iron":28,"luminousworld:spuds":1,"luminousworld:blue_petunias":2,"minecraft:oak_door":1,"ecologics:coconut_slice":20,"minecraft:spruce_fence":4,"minecraft:white_dye":2,"minecraft:stone_button":8,"minecraft:cookie":1,"minecraft:carrot":22,"minecraft:redstone":2,"minecraft:dark_oak_planks":2,"minecraft:tnt":1,"minecraft:arrow":8,"minecraft:pumpkin_pie":2,"minecraft:hay_block":35,"minecraft:gold_ingot":1,"minecraft:mutton":7,"minecraft:rail":1,"minecraft:stripped_oak_log":8,"minecraft:white_wool":9,"minecraft:bone_block":40,"minecraft:oxeye_daisy":1,"born_in_chaos_v1:fused_bone":1,"born_in_chaos_v1:corpse_maggot":1,"minecraft:dark_oak_button":1,"born_in_chaos_v1:monster_flesh":1,"minecraft:salmon":1,"luminousworld:ishstone":3,"minecraft:leather":7,"minecraft:oak_log":94,"minecraft:chainmail_chestplate":1,"minecraft:yellow_bed":2,"minecraft:cobblestone_stairs":1,"minecraft:blue_bed":8,"minecraft:paper":1,"tombstone:gift":1,"minecraft:white_banner":8,"iceandfire:pixie_house_mushroom_red":1,"minecraft:cooked_mutton":2,"naturalist:bass":2,"minecraft:red_carpet":2,"minecraft:apple":1,"minecraft:stone_bricks":34,"minecraft:kelp":11,"minecraft:spore_blossom":5,"minecraft:iron_ingot":7,"minecraft:stone_pickaxe":1,"minecraft:cooked_chicken":2,"tombstone:bag_of_seeds":1,"luminousworld:white_petunias":2,"minecraft:iron_sword":3,"minecraft:dark_oak_stairs":31,"minecraft:purple_concrete":3,"minecraft:book":55,"minecraft:oak_slab":29,"minecraft:scaffolding":1,"minecraft:polished_andesite_stairs":4,"minecraft:sweet_berries":107,"iceandfire:ash":1,"minecraft:dandelion":20,"mca:divorce_papers":1,"luminousworld:sunset_petunias":3,"minecraft:gravel":5,"minecraft:white_bed":10,"minecraft:spruce_log":29,"quark:oak_chest":4,"minecraft:dark_oak_fence_gate":2,"minecraft:spider_eye":1,"tombstone:scroll_of_true_sight":1,"fantasyfurniture:decorations/tankards_empty":1,"minecraft:pumpkin_seeds":3,"minecraft:slime_ball":5,"minecraft:iron_helmet":1,"luminousworld:decorative_red_2":1,"minecraft:cherry_sapling":5,"minecraft:coal":139},"minecraft:dropped":{"minecraft:iron_sword":2,"luminousworld:yellowpetunias":1,"ecologics:coconut_slice":2,"luminousworld:spuds":1,"minecraft:saddle":1,"minecraft:emerald":3,"born_in_chaos_v1:monster_flesh":1,"minecraft:dirt":37,"tombstone:scroll_of_true_sight":1,"minecraft:cooked_cod":1,"minecraft:wooden_sword":1,"minecraft:bone_meal":2,"minecraft:bone_block":40,"minecraft:gold_ingot":12,"minecraft:bone":3,"quark:ancient_tome":1,"minecraft:iron_nugget":42,"alexsmobs:animal_dictionary":1,"aether:golden_gloves":1,"minecraft:birch_sapling":4,"minecraft:cherry_sapling":1,"minecraft:beetroot":1,"minecraft:rotten_flesh":3,"minecraft:birch_wood":1,"minecraft:white_bed":2,"minecraft:carrot":14,"minecraft:chainmail_chestplate":2,"supplementaries:flax_seeds":2,"supplementaries:ash":11,"minecraft:red_candle":4,"ecologics:coconut_husk":14,"minecraft:iron_ore":84,"minecraft:iron_ingot":55,"minecraft:enchanted_book":5,"minecraft:water_bucket":1,"tombstone:scroll_of_feather_fall":1,"minecraft:wheat_seeds":26,"minecraft:lilac":3,"minecraft:golden_horse_armor":1,"minecraft:feather":1,"minecraft:coal":62,"minecraft:coal_block":16,"mca:book_romance":1,"illagerinvasion:platinum_chunk":4,"tombstone:magic_scroll":2,"tombstone:grave_key":3,"minecraft:wooden_axe":1,"minecraft:cooked_salmon":1,"tombstone:grave_dust":2,"minecraft:oak_stairs":60,"minecraft:string":9,"minecraft:pink_petals":6,"tombstone:voodoo_poppet":1,"minecraft:kelp":4,"minecraft:cocoa_beans":4,"minecraft:diamond_hoe":1,"earthmobsmod:harder_flesh":1,"tombstone:scroll_of_unstable_intangibility":1,"minecraft:pumpkin_seeds":3,"undead_revamp2:bostroxingot":1,"minecraft:potato":16,"aether:iron_gloves":2,"minecraft:spruce_trapdoor":2,"minecraft:bundle":2,"luminousworld:groundpebbles_1":2,"minecraft:bamboo":13,"minecraft:wooden_pickaxe":1,"minecraft:vex_armor_trim_smithing_template":2},"minecraft:crafted":{"minecraft:oak_planks":476,"minecraft:stone":97,"naturalist:cooked_bass":2,"minecraft:cooked_mutton":7,"minecraft:glass":162,"minecraft:oak_slab":42,"minecraft:cooked_porkchop":7,"minecraft:crafting_table":6,"minecraft:baked_potato":64,"minecraft:spruce_planks":108,"minecraft:wooden_pickaxe":1,"minecraft:iron_helmet":2,"minecraft:iron_chestplate":1,"minecraft:stick":120,"quark:oak_chest":9,"minecraft:iron_ingot":116,"minecraft:iron_pickaxe":2,"minecraft:stone_sword":1,"minecraft:shears":2,"minecraft:wooden_sword":1,"minecraft:oak_door":3,"minecraft:coal":90,"minecraft:furnace":1,"minecraft:white_carpet":21,"quark:dark_oak_chest":2,"minecraft:dark_oak_fence":24,"minecraft:stone_pickaxe":1,"quark:spruce_chest":3,"minecraft:dark_oak_planks":368,"minecraft:wheat":450,"minecraft:cooked_cod":2,"minecraft:dark_oak_stairs":196,"minecraft:cooked_salmon":1,"minecraft:bucket":1,"minecraft:bread":187,"minecraft:air":0,"minecraft:oak_stairs":4,"minecraft:wooden_axe":1,"minecraft:iron_leggings":1,"minecraft:iron_shovel":11,"minecraft:stonecutter":1,"minecraft:torch":108}},"DataVersion":3465}