{"stats":{"minecraft:used":{"minecraft:stone_sword":28,"minecraft:spruce_planks":21,"minecraft:shield":74,"minecraft:iron_sword":253,"minecraft:cooked_salmon":1,"minecraft:rotten_flesh":1,"minecraft:stick":1,"alexscaves:cooked_tripodfish":1,"minecraft:mutton":1,"minecraft:carrot":28,"naturalist:cooked_bass":2,"born_in_chaos_v1:corpse_maggot":1,"minecraft:wooden_axe":38,"luminousworld:blueberry":5,"minecraft:iron_axe":30,"minecraft:dark_oak_button":1,"minecraft:repeater":3,"minecraft:bow":8,"minecraft:sweet_berries":135,"minecraft:cooked_cod":1,"tombstone:gift":10,"minecraft:cooked_beef":1,"minecraft:cooked_mutton":7,"minecraft:water_bucket":58,"minecraft:bundle":1,"minecraft:stone_pickaxe":107,"minecraft:oak_planks":7,"minecraft:wooden_pickaxe":5,"luminousworld:groundpebbles_1":1,"minecraft:blue_bed":7,"minecraft:sand":1,"minecraft:crafting_table":5,"minecraft:mushroom_stew":5,"minecraft:black_bed":4,"minecraft:spruce_log":2,"tombstone:bag_of_seeds":1,"minecraft:apple":8,"minecraft:cyan_carpet":10,"minecraft:melon_slice":20,"minecraft:bread":59,"tombstone:grave_key":1,"ecologics:coconut_slice":14,"luminousworld:trout":1,"minecraft:wooden_sword":4,"born_in_chaos_v1:rotten_fish":1,"minecraft:cooked_porkchop":9,"minecraft:bucket":58,"minecraft:pumpkin_pie":1,"minecraft:beetroot":1},"minecraft:crafted":{"minecraft:wooden_sword":1,"minecraft:oak_planks":12,"naturalist:cooked_bass":2,"minecraft:cooked_mutton":7,"minecraft:stone_pickaxe":1,"minecraft:dark_oak_planks":16,"minecraft:wheat":144,"minecraft:cooked_cod":2,"minecraft:cooked_porkchop":7,"minecraft:crafting_table":2,"minecraft:spruce_planks":108,"minecraft:iron_helmet":1,"minecraft:wooden_pickaxe":1,"minecraft:cooked_salmon":1,"minecraft:bread":78,"minecraft:air":0,"minecraft:stick":8,"minecraft:iron_ingot":8,"minecraft:wooden_axe":1,"minecraft:stone_sword":1},"minecraft:broken":{"minecraft:golden_leggings":1,"minecraft:shield":1,"minecraft:chainmail_chestplate":1},"minecraft:dropped":{"minecraft:iron_ingot":55,"minecraft:enchanted_book":5,"tombstone:scroll_of_feather_fall":1,"minecraft:iron_sword":1,"minecraft:wheat_seeds":24,"luminousworld:yellowpetunias":1,"minecraft:lilac":3,"minecraft:golden_horse_armor":1,"luminousworld:spuds":1,"minecraft:feather":1,"minecraft:saddle":1,"minecraft:coal":36,"minecraft:emerald":3,"born_in_chaos_v1:monster_flesh":1,"minecraft:dirt":1,"illagerinvasion:platinum_chunk":4,"mca:book_romance":1,"tombstone:magic_scroll":2,"tombstone:grave_key":3,"minecraft:wooden_axe":1,"tombstone:scroll_of_true_sight":1,"minecraft:cooked_cod":1,"minecraft:cooked_salmon":1,"tombstone:grave_dust":2,"minecraft:wooden_sword":1,"minecraft:bone_block":40,"minecraft:bone_meal":2,"minecraft:string":9,"minecraft:pink_petals":6,"tombstone:voodoo_poppet":1,"quark:ancient_tome":1,"minecraft:bone":3,"minecraft:gold_ingot":12,"minecraft:kelp":4,"minecraft:iron_nugget":42,"alexsmobs:animal_dictionary":1,"minecraft:cocoa_beans":4,"aether:golden_gloves":1,"minecraft:diamond_hoe":1,"minecraft:birch_sapling":4,"minecraft:beetroot":1,"minecraft:cherry_sapling":1,"minecraft:rotten_flesh":2,"minecraft:birch_wood":1,"earthmobsmod:harder_flesh":1,"minecraft:pumpkin_seeds":3,"tombstone:scroll_of_unstable_intangibility":1,"minecraft:chainmail_chestplate":2,"supplementaries:ash":1,"supplementaries:flax_seeds":2,"minecraft:potato":12,"minecraft:red_candle":4,"aether:iron_gloves":2,"minecraft:spruce_trapdoor":2,"luminousworld:groundpebbles_1":2,"ecologics:coconut_husk":14,"minecraft:bamboo":13,"minecraft:iron_ore":84,"minecraft:wooden_pickaxe":1,"minecraft:vex_armor_trim_smithing_template":2},"minecraft:killed":{"minecraft:vindicator":3,"minecraft:spider":1,"born_in_chaos_v1:maggot":1,"creeperoverhaul:bamboo_creeper":2,"minecraft:skeleton":5,"alexsmobs:leafcutter_ant":1,"naturalist:bass":2,"born_in_chaos_v1:corpse_fish":3,"minecraft:piglin_brute":1,"undead_revamp2:sucker":5,"minecraft:piglin":2,"minecraft:husk":3,"undead_revamp2:the_moonflower":1,"luminousworld:trout_fish":1,"born_in_chaos_v1:decrepit_skeleton":1,"minecraft:pillager":11,"minecraft:zombie":2,"born_in_chaos_v1:dread_hound":2,"iceandfire:ghost":2,"iceandfire:pixie":1,"luminousworld:dark_oak_zombie":1,"born_in_chaos_v1:siamese_skeletonsleft":1},"minecraft:picked_up":{"luminousworld:groundpebbles_1":3,"minecraft:wheat":9,"minecraft:crafting_table":3,"illagerinvasion:platinum_chunk":6,"luminousworld:blackberry":1,"minecraft:brown_mushroom":1,"aether:iron_gloves":2,"minecraft:cooked_rabbit":1,"luminousworld:trout":1,"minecraft:potion":3,"minecraft:stone_brick_stairs":1,"tombstone:grave_key":2,"minecraft:brewing_stand":2,"minecraft:shield":2,"minecraft:string":1,"minecraft:iron_axe":1,"minecraft:beetroot_soup":1,"born_in_chaos_v1:intoxicating_decoction":1,"minecraft:iron_leggings":1,"minecraft:red_candle":4,"minecraft:cyan_carpet":15,"minecraft:beetroot":2,"minecraft:bucket":1,"minecraft:spruce_planks":5,"minecraft:calcite":2,"minecraft:melon_slice":17,"minecraft:sugar_cane":24,"minecraft:birch_sapling":5,"minecraft:dark_oak_sapling":1,"minecraft:spruce_trapdoor":2,"minecraft:iron_boots":1,"minecraft:raw_iron":5,"iceandfire:pixie_dust":2,"minecraft:stick":3,"luminousworld:spuds":1,"ecologics:coconut_slice":14,"ecologics:coconut_seedling":1,"minecraft:cookie":1,"tombstone:grave_dust":5,"aether:golden_gloves":1,"minecraft:carrot":5,"minecraft:brown_carpet":3,"minecraft:dark_oak_planks":1,"minecraft:arrow":2,"minecraft:rotten_flesh":11,"minecraft:pumpkin_pie":2,"minecraft:hay_block":23,"ecologics:coconut_log":9,"minecraft:bone_block":40,"minecraft:cobblestone":14,"born_in_chaos_v1:fused_bone":1,"born_in_chaos_v1:corpse_maggot":1,"minecraft:pink_petals":6,"minecraft:magma_block":1,"minecraft:lilac":3,"minecraft:dark_oak_button":1,"minecraft:feather":1,"minecraft:cooked_beef":1,"minecraft:repeater":3,"born_in_chaos_v1:monster_flesh":1,"minecraft:water_bucket":3,"minecraft:salmon":1,"minecraft:black_bed":4,"minecraft:potato":12,"minecraft:oak_log":3,"minecraft:chainmail_chestplate":1,"supplementaries:flax_seeds":2,"minecraft:dirt":10,"minecraft:blue_bed":8,"tombstone:gift":1,"iceandfire:pixie_house_mushroom_red":1,"born_in_chaos_v1:monster_skin":1,"naturalist:bass":2,"minecraft:bone":12,"minecraft:apple":1,"minecraft:stone_bricks":2,"minecraft:kelp":5,"minecraft:wheat_seeds":25,"minecraft:birch_wood":3,"minecraft:spore_blossom":1,"minecraft:cooked_chicken":2,"minecraft:iron_ingot":7,"tombstone:bag_of_seeds":1,"minecraft:bamboo":22,"minecraft:iron_sword":1,"minecraft:purple_concrete":3,"minecraft:book":3,"minecraft:cooked_porkchop":2,"minecraft:sweet_berries":107,"minecraft:dandelion":3,"tombstone:scroll_of_feather_fall":1,"earthmobsmod:harder_flesh":1,"minecraft:sand":1,"minecraft:cyan_bed":1,"minecraft:spruce_log":29,"minecraft:dark_oak_log":6,"tombstone:scroll_of_true_sight":1,"minecraft:pumpkin_seeds":3,"luminousworld:yellowpetunias":1,"luminousworld:blueberry":5,"minecraft:iron_helmet":1,"minecraft:bone_meal":2,"minecraft:cherry_sapling":3,"minecraft:golden_apple":1,"minecraft:chainmail_helmet":1,"minecraft:emerald":9,"minecraft:bread":1,"born_in_chaos_v1:rotten_fish":1,"minecraft:charcoal":2,"minecraft:coal":32,"sophisticatedbackpacks:gold_backpack":1,"minecraft:cocoa_beans":4},"minecraft:killed_by":{"undead_revamp2:theimmortal":1,"minecraft:husk":4,"minecraft:piglin_brute":6,"minecraft:creeper":1,"minecraft:pillager":1,"born_in_chaos_v1:corpse_fly":1,"earthmobsmod:bouldering_zombie":1,"undead_revamp2:thespitter":1,"minecraft:vindicator":4,"mutantmonsters:mutant_skeleton":1,"minecraft:skeleton":5,"iceandfire:lightning_dragon":3,"minecraft:zombie":1,"enemyexpansion:direwolf":1,"iceandfire:ghost":2,"iceandfire:fire_dragon":3},"minecraft:mined":{"minecraft:dark_oak_planks":1,"luminousworld:groundpebbles_1":1,"minecraft:spruce_planks":4,"minecraft:dark_oak_leaves":16,"luminousworld:grassvariant_4":2,"minecraft:dark_oak_log":6,"minecraft:jungle_leaves":2,"minecraft:brewing_stand":2,"ecologics:coconut_leaves":4,"alexsmobs:leafcutter_ant_chamber":1,"luminousworld:blackberrybush":1,"ecologics:coconut_log":9,"minecraft:spruce_leaves":4,"minecraft:kelp":2,"minecraft:hay_block":23,"minecraft:spawner":7,"minecraft:spore_blossom":1,"minecraft:tall_seagrass":1,"minecraft:iron_ore":5,"minecraft:fire":3,"placeablesmod:water_bucket_block":2,"placeablesmod:empty_bucket_block":1,"supplementaries:stick":1,"minecraft:bamboo":3,"minecraft:stone":15,"minecraft:bone_block":40,"minecraft:kelp_plant":7,"minecraft:crafting_table":3,"minecraft:calcite":2,"minecraft:melon":5,"minecraft:campfire":1,"minecraft:mushroom_stem":5,"minecraft:tall_grass":3,"minecraft:cyan_bed":1,"minecraft:sugar_cane":9,"minecraft:blue_bed":9,"minecraft:pink_petals":5,"minecraft:seagrass":1,"minecraft:repeater":3,"minecraft:wheat":4,"minecraft:sweet_berry_bush":9,"minecraft:ice":1,"minecraft:lilac":2,"minecraft:spruce_log":30,"minecraft:birch_leaves":47,"iceandfire:pixie_house_mushroom_red":1,"minecraft:black_bed":4,"minecraft:grass":16,"minecraft:coal_ore":34,"minecraft:dark_oak_button":1,"minecraft:cherry_leaves":94,"minecraft:cyan_carpet":2,"minecraft:sand":3,"luminousworld:grassvariant_3":2,"minecraft:stone_bricks":2,"minecraft:oak_leaves":1,"minecraft:fern":1},"minecraft:custom":{"minecraft:mob_kills":54,"minecraft:interact_with_crafting_table":14,"minecraft:open_barrel":50,"minecraft:interact_with_campfire":4,"minecraft:eat_cake_slice":2,"minecraft:leave_game":2,"minecraft:time_since_death":198,"minecraft:climb_one_cm":11398,"minecraft:sprint_one_cm":847852,"minecraft:walk_one_cm":745373,"minecraft:damage_blocked_by_shield":4710,"minecraft:drop":103,"minecraft:play_time":255354,"minecraft:deaths":38,"minecraft:sneak_time":3815,"minecraft:walk_under_water_one_cm":61230,"minecraft:boat_one_cm":93049,"minecraft:jump":4061,"minecraft:interact_with_blast_furnace":1,"minecraft:walk_on_water_one_cm":103306,"minecraft:total_world_time":255354,"minecraft:interact_with_furnace":13,"tombstone:raider_killed":14,"minecraft:tune_noteblock":1,"minecraft:interact_with_cartography_table":1,"minecraft:interact_with_loom":1,"minecraft:interact_with_stonecutter":1,"minecraft:sleep_in_bed":14,"minecraft:time_since_rest":1,"minecraft:damage_taken":17360,"minecraft:trigger_trapped_chest":1,"minecraft:damage_dealt":14125,"minecraft:swim_one_cm":170645,"minecraft:fly_one_cm":524276,"minecraft:open_chest":38,"minecraft:crouch_one_cm":8018,"tombstone:undead_killed":21,"minecraft:interact_with_smoker":3,"minecraft:fall_one_cm":86179}},"DataVersion":3465}