{"stats":{"minecraft:broken":{"minecraft:iron_shovel":6,"minecraft:golden_leggings":1,"minecraft:stone_pickaxe":1,"minecraft:chainmail_chestplate":1,"minecraft:iron_sword":1,"minecraft:shield":1},"minecraft:crafted":{"minecraft:oak_planks":172,"naturalist:cooked_bass":2,"minecraft:cooked_mutton":7,"minecraft:oak_slab":42,"minecraft:cooked_porkchop":7,"minecraft:crafting_table":6,"minecraft:spruce_planks":108,"minecraft:wooden_pickaxe":1,"minecraft:iron_helmet":1,"quark:oak_chest":9,"minecraft:stick":28,"minecraft:iron_ingot":17,"minecraft:iron_pickaxe":1,"minecraft:stone_sword":1,"minecraft:shears":2,"minecraft:wooden_sword":1,"minecraft:white_carpet":21,"quark:dark_oak_chest":2,"minecraft:dark_oak_fence":24,"minecraft:stone_pickaxe":1,"quark:spruce_chest":3,"minecraft:dark_oak_planks":316,"minecraft:wheat":306,"minecraft:cooked_cod":2,"minecraft:dark_oak_stairs":196,"minecraft:cooked_salmon":1,"minecraft:bucket":1,"minecraft:bread":111,"minecraft:air":0,"minecraft:wooden_axe":1,"minecraft:oak_stairs":4,"minecraft:iron_shovel":7,"minecraft:torch":24},"minecraft:custom":{"minecraft:interact_with_crafting_table":35,"minecraft:open_barrel":59,"minecraft:eat_cake_slice":2,"minecraft:leave_game":5,"minecraft:time_since_death":169167,"minecraft:sprint_one_cm":1652189,"minecraft:damage_blocked_by_shield":4710,"minecraft:drop":125,"minecraft:play_time":615158,"minecraft:deaths":51,"minecraft:jump":7042,"minecraft:walk_on_water_one_cm":120089,"minecraft:interact_with_furnace":16,"minecraft:interact_with_cartography_table":1,"minecraft:interact_with_loom":1,"minecraft:sleep_in_bed":32,"minecraft:damage_dealt":17851,"minecraft:crouch_one_cm":65484,"tombstone:undead_killed":27,"minecraft:interact_with_smoker":3,"minecraft:interact_with_anvil":1,"minecraft:mob_kills":65,"minecraft:interact_with_campfire":4,"minecraft:damage_dealt_resisted":26,"minecraft:climb_one_cm":46754,"minecraft:walk_one_cm":2239535,"minecraft:sneak_time":19079,"minecraft:walk_under_water_one_cm":74146,"minecraft:boat_one_cm":93049,"minecraft:interact_with_blast_furnace":5,"minecraft:total_world_time":615158,"tombstone:raider_killed":15,"minecraft:tune_noteblock":1,"minecraft:pot_flower":5,"minecraft:interact_with_stonecutter":1,"minecraft:time_since_rest":2230,"minecraft:damage_taken":22498,"minecraft:trigger_trapped_chest":1,"minecraft:swim_one_cm":183620,"minecraft:fly_one_cm":959710,"minecraft:open_chest":189,"minecraft:fall_one_cm":164371},"minecraft:dropped":{"minecraft:iron_sword":2,"luminousworld:yellowpetunias":1,"luminousworld:spuds":1,"minecraft:saddle":1,"minecraft:emerald":3,"born_in_chaos_v1:monster_flesh":1,"minecraft:dirt":2,"tombstone:scroll_of_true_sight":1,"minecraft:cooked_cod":1,"minecraft:wooden_sword":1,"minecraft:bone_meal":2,"minecraft:bone_block":40,"minecraft:bone":3,"minecraft:gold_ingot":12,"quark:ancient_tome":1,"minecraft:iron_nugget":42,"alexsmobs:animal_dictionary":1,"aether:golden_gloves":1,"minecraft:birch_sapling":4,"minecraft:cherry_sapling":1,"minecraft:beetroot":1,"minecraft:rotten_flesh":3,"minecraft:birch_wood":1,"minecraft:white_bed":2,"minecraft:chainmail_chestplate":2,"supplementaries:flax_seeds":2,"supplementaries:ash":11,"minecraft:red_candle":4,"ecologics:coconut_husk":14,"minecraft:iron_ore":84,"minecraft:iron_ingot":55,"minecraft:water_bucket":1,"minecraft:enchanted_book":5,"tombstone:scroll_of_feather_fall":1,"minecraft:wheat_seeds":25,"minecraft:lilac":3,"minecraft:golden_horse_armor":1,"minecraft:feather":1,"minecraft:coal":36,"mca:book_romance":1,"illagerinvasion:platinum_chunk":4,"tombstone:magic_scroll":2,"tombstone:grave_key":3,"minecraft:wooden_axe":1,"minecraft:cooked_salmon":1,"tombstone:grave_dust":2,"minecraft:oak_stairs":60,"minecraft:string":9,"minecraft:pink_petals":6,"tombstone:voodoo_poppet":1,"minecraft:kelp":4,"minecraft:cocoa_beans":4,"minecraft:diamond_hoe":1,"earthmobsmod:harder_flesh":1,"minecraft:pumpkin_seeds":3,"tombstone:scroll_of_unstable_intangibility":1,"undead_revamp2:bostroxingot":1,"minecraft:potato":12,"minecraft:bundle":2,"aether:iron_gloves":2,"minecraft:spruce_trapdoor":2,"luminousworld:groundpebbles_1":2,"minecraft:bamboo":13,"minecraft:wooden_pickaxe":1,"minecraft:vex_armor_trim_smithing_template":2},"minecraft:used":{"minecraft:beetroot":1,"minecraft:cherry_sapling":2,"minecraft:iron_shovel":2003,"minecraft:ladder":3,"minecraft:poppy":1,"minecraft:oak_sign":5,"fantasyfurniture:decorations/venthyr_tomes":8,"fantasyfurniture:nordic/floor_light":4,"minecraft:shield":74,"nfm:red_lamp":2,"minecraft:iron_sword":414,"cfm:red_kitchen_sink":1,"minecraft:rotten_flesh":2,"minecraft:mutton":1,"fantasyfurniture:decorations/nordic_boiled_creme_treats":3,"cfm:oak_blinds":13,"minecraft:carrot":28,"naturalist:cooked_bass":2,"fantasyfurniture:decorations/dunmer_pottery_1":2,"born_in_chaos_v1:corpse_maggot":1,"cfm:door_mat":2,"luminousworld:blueberry":5,"fantasyfurniture:nordic/bookshelf":3,"minecraft:lantern":8,"minecraft:polished_andesite_stairs":10,"fantasyfurniture:dunmer/chair":14,"minecraft:dark_oak_button":1,"fantasyfurniture:nordic/chandelier":2,"minecraft:stone_bricks":17,"fantasyfurniture:decorations/royal_floor_cushion":3,"fantasyfurniture:decorations/bolts_of_cloth":1,"minecraft:repeater":3,"minecraft:red_carpet":2,"minecraft:bow":11,"minecraft:hay_block":1,"minecraft:sweet_berries":135,"minecraft:scaffolding":2,"fantasyfurniture:decorations/venthyr_widow_bloom":2,"fantasyfurniture:decorations/cookie_jar":1,"minecraft:oak_sapling":5,"minecraft:cooked_cod":1,"fantasyfurniture:decorations/dunmer_pottery_0":2,"fantasyfurniture:dunmer/door_single":2,"minecraft:dark_oak_sapling":4,"minecraft:dark_oak_stairs":202,"minecraft:stone_pickaxe":131,"minecraft:oak_planks":71,"minecraft:wooden_pickaxe":5,"fantasyfurniture:nordic/wall_light":11,"luminousworld:groundpebbles_1":4,"minecraft:blue_bed":7,"minecraft:oak_leaves":6,"minecraft:sand":5,"fantasyfurniture:dunmer/floor_light":8,"minecraft:mushroom_stew":9,"fantasyfurniture:decorations/royal_chalices":7,"minecraft:stone_brick_wall":2,"minecraft:black_bed":4,"fantasyfurniture:decorations/royal_cushioned_crown":1,"minecraft:shears":13,"fantasyfurniture:decorations/venthyr_food_0":5,"fantasyfurniture:nordic/oven":1,"fantasyfurniture:decorations/bowl_mushroom_stew":3,"minecraft:dark_oak_log":1,"fantasyfurniture:decorations/paper_stack":6,"fantasyfurniture:decorations/berry_basket_strawberry":4,"minecraft:melon_slice":20,"minecraft:bread":117,"minecraft:cyan_bed":2,"minecraft:cyan_carpet":10,"minecraft:spore_blossom":6,"fantasyfurniture:decorations/fairy_lights_1":3,"tombstone:grave_key":4,"cfm:spruce_mail_box":3,"ecologics:coconut_slice":14,"fantasyfurniture:decorations/potion_bottles":3,"minecraft:wooden_sword":4,"born_in_chaos_v1:rotten_fish":1,"luminousworld:purple_petunias":1,"minecraft:dark_oak_fence":26,"fantasyfurniture:dunmer/wardrobe_top":1,"minecraft:oak_trapdoor":2,"fantasyfurniture:decorations/book_stack":6,"minecraft:rose_bush":3,"minecraft:stone_sword":28,"fantasyfurniture:dunmer/painting_wide":2,"fantasyfurniture:decorations/royal_wall_mirror_large":3,"fantasyfurniture:decorations/tankards_empty":7,"fantasyfurniture:decorations/royal_candelabra":5,"minecraft:spruce_planks":21,"minecraft:cooked_salmon":1,"minecraft:cooked_chicken":1,"minecraft:stick":1,"minecraft:oak_door":1,"minecraft:torch":57,"minecraft:brewing_stand":1,"minecraft:dirt":1318,"alexscaves:cooked_tripodfish":1,"fantasyfurniture:decorations/bowl_beetroot_soup":4,"minecraft:white_carpet":85,"fantasyfurniture:decorations/royal_platter":8,"iceandfire:pixie_dust":1,"fantasyfurniture:royal/chandelier":4,"fantasyfurniture:decorations/bronze_chain":7,"fantasyfurniture:dunmer/shelf":10,"fantasyfurniture:venthyr/wall_light":2,"minecraft:wooden_axe":38,"cfm:flowering_azalea_hedge":6,"quark:spruce_chest":4,"minecraft:iron_axe":356,"minecraft:oak_stairs":11,"fantasyfurniture:dunmer/desk_left":6,"minecraft:bamboo":11,"fantasyfurniture:dunmer/dresser":2,"cfm:fridge_light":4,"fantasyfurniture:nordic/chest":2,"tombstone:gift":11,"ecologics:coconut_seedling":3,"minecraft:cooked_beef":1,"cfm:dark_oak_hedge":2,"minecraft:powder_snow_bucket":1,"minecraft:beetroot_soup":1,"fantasyfurniture:decorations/venthyr_candles":3,"minecraft:cooked_mutton":7,"minecraft:water_bucket":90,"fantasyfurniture:decorations/floating_tomes":1,"minecraft:bundle":1,"fantasyfurniture:decorations/muffins_sweetberry":12,"cfm:dark_oak_blinds":7,"fantasyfurniture:venthyr/carpet":28,"nfm:white_cup":4,"nfm:birch_door_bell":2,"minecraft:oak_slab":69,"minecraft:crafting_table":12,"minecraft:white_bed":6,"minecraft:dark_oak_fence_gate":2,"fantasyfurniture:venthyr/cushion":3,"cfm:spruce_upgraded_gate":1,"minecraft:spruce_log":2,"minecraft:cake":1,"minecraft:oak_log":2,"tombstone:bag_of_seeds":1,"fantasyfurniture:dunmer/wardrobe_bottom":1,"minecraft:flower_pot":7,"minecraft:apple":8,"fantasyfurniture:nordic/wardrobe_top":1,"cfm:fridge_dark":1,"minecraft:iron_pickaxe":200,"minecraft:spruce_trapdoor":28,"fantasyfurniture:dunmer/bookshelf":1,"fantasyfurniture:decorations/venthyr_banner":2,"luminousworld:trout":1,"quark:dark_oak_chest":2,"minecraft:cobblestone":1,"minecraft:cooked_porkchop":9,"minecraft:bucket":91,"minecraft:pumpkin_pie":1,"minecraft:yellow_bed":2,"quark:oak_chest":13,"minecraft:purple_carpet":1,"minecraft:dandelion":1,"fantasyfurniture:dunmer/counter":18},"minecraft:killed":{"minecraft:spider":1,"undead_revamp2:thesmoker":1,"creeperoverhaul:bamboo_creeper":2,"minecraft:skeleton":6,"alexsmobs:leafcutter_ant":1,"minecraft:piglin_brute":1,"minecraft:piglin":2,"luminousworld:trout_fish":1,"minecraft:pillager":11,"minecraft:zombie":2,"born_in_chaos_v1:dread_hound":2,"iceandfire:pixie":2,"luminousworld:dark_oak_zombie":1,"born_in_chaos_v1:siamese_skeletonsleft":1,"minecraft:vindicator":4,"born_in_chaos_v1:maggot":1,"naturalist:bass":2,"born_in_chaos_v1:corpse_fish":3,"undead_revamp2:sucker":5,"minecraft:husk":4,"undead_revamp2:the_moonflower":4,"minecraft:frog":1,"born_in_chaos_v1:decrepit_skeleton":1,"iceandfire:ghost":2},"minecraft:picked_up":{"minecraft:iron_chestplate":1,"minecraft:wheat":11,"luminousworld:blackberry":1,"illagerinvasion:platinum_chunk":6,"minecraft:flower_pot":9,"aether:iron_gloves":2,"minecraft:oak_stairs":67,"minecraft:potion":3,"minecraft:enchanted_book":1,"minecraft:stone_brick_stairs":1,"tombstone:grave_key":2,"minecraft:brewing_stand":3,"minecraft:string":35,"minecraft:iron_leggings":1,"minecraft:beetroot_soup":1,"minecraft:red_candle":4,"minecraft:oak_sign":5,"minecraft:beetroot":2,"minecraft:gold_nugget":56,"minecraft:bucket":1,"minecraft:spruce_planks":5,"minecraft:rose_bush":5,"minecraft:calcite":2,"minecraft:melon_slice":17,"minecraft:iron_boots":1,"iceandfire:pixie_dust":3,"minecraft:beehive":5,"minecraft:stick":6,"minecraft:oak_fence":1,"minecraft:torch":34,"ecologics:coconut_seedling":3,"minecraft:spruce_stairs":5,"tombstone:grave_dust":6,"aether:golden_gloves":1,"minecraft:brown_carpet":6,"luminousworld:grassflowers":4,"minecraft:stone_sword":1,"minecraft:rotten_flesh":43,"luminousworld:yellow_grassflowers":3,"ecologics:coconut_log":9,"supplementaries:ash":18,"undead_revamp2:arapholia":1,"minecraft:cobblestone":190,"paraglider:paraglider":1,"minecraft:pink_petals":6,"minecraft:magma_block":1,"minecraft:cooked_beef":1,"minecraft:feather":1,"minecraft:lilac":3,"minecraft:repeater":3,"minecraft:water_bucket":3,"minecraft:black_bed":4,"minecraft:potato":12,"supplementaries:flax_seeds":2,"luminousworld:purple_petunias":3,"minecraft:dirt":1368,"minecraft:lantern":9,"born_in_chaos_v1:monster_skin":1,"born_in_chaos_v1:marigolds":5,"minecraft:purple_carpet":5,"minecraft:bone":14,"undead_revamp2:blacpetalblock":1,"minecraft:bow":1,"minecraft:wheat_seeds":59,"minecraft:birch_wood":3,"minecraft:dark_oak_sign":1,"minecraft:bamboo":22,"minecraft:oak_planks":55,"minecraft:cooked_porkchop":2,"tombstone:scroll_of_feather_fall":1,"earthmobsmod:harder_flesh":1,"minecraft:sand":5,"minecraft:cyan_bed":3,"minecraft:dead_bush":1,"minecraft:lily_of_the_valley":2,"minecraft:dark_oak_log":8,"minecraft:bundle":2,"luminousworld:yellowpetunias":3,"minecraft:writable_book":1,"luminousworld:blueberry":5,"minecraft:grass":5,"minecraft:bone_meal":2,"minecraft:golden_apple":2,"minecraft:emerald":10,"minecraft:spruce_button":5,"minecraft:chainmail_helmet":1,"minecraft:bread":1,"minecraft:oak_sapling":7,"born_in_chaos_v1:rotten_fish":1,"minecraft:dark_oak_fence":3,"sophisticatedbackpacks:gold_backpack":1,"minecraft:oak_leaves":6,"luminousworld:groundpebbles_1":9,"undead_revamp2:bostroxingot":1,"minecraft:charcoal":6,"minecraft:cocoa_beans":4,"minecraft:crafting_table":6,"minecraft:azure_bluet":1,"minecraft:ladder":5,"born_in_chaos_v1:river_mint":11,"minecraft:brown_mushroom":1,"minecraft:wooden_pickaxe":1,"minecraft:stone_brick_wall":4,"minecraft:cooked_rabbit":1,"luminousworld:trout":1,"minecraft:shield":2,"minecraft:cornflower":3,"minecraft:oak_trapdoor":2,"minecraft:iron_axe":2,"minecraft:item_frame":8,"born_in_chaos_v1:intoxicating_decoction":1,"minecraft:white_carpet":71,"minecraft:iron_shovel":1,"minecraft:cyan_carpet":15,"quark:spruce_chest":1,"minecraft:poppy":5,"minecraft:sugar_cane":24,"minecraft:birch_sapling":5,"minecraft:piston":1,"minecraft:spruce_trapdoor":30,"minecraft:dark_oak_sapling":2,"minecraft:raw_iron":5,"luminousworld:spuds":1,"luminousworld:blue_petunias":2,"minecraft:oak_door":1,"ecologics:coconut_slice":14,"minecraft:spruce_fence":4,"minecraft:stone_button":1,"minecraft:cookie":1,"minecraft:carrot":5,"minecraft:dark_oak_planks":2,"minecraft:tnt":1,"minecraft:arrow":5,"minecraft:pumpkin_pie":2,"minecraft:hay_block":35,"minecraft:mutton":2,"minecraft:bone_block":40,"minecraft:white_wool":7,"born_in_chaos_v1:fused_bone":1,"born_in_chaos_v1:corpse_maggot":1,"minecraft:dark_oak_button":1,"born_in_chaos_v1:monster_flesh":1,"minecraft:salmon":1,"minecraft:oak_log":43,"minecraft:chainmail_chestplate":1,"minecraft:yellow_bed":2,"minecraft:cobblestone_stairs":1,"minecraft:blue_bed":8,"minecraft:paper":1,"minecraft:white_banner":8,"tombstone:gift":1,"iceandfire:pixie_house_mushroom_red":1,"minecraft:cooked_mutton":2,"naturalist:bass":2,"minecraft:red_carpet":2,"minecraft:apple":1,"minecraft:stone_bricks":20,"minecraft:kelp":11,"minecraft:spore_blossom":5,"minecraft:iron_ingot":7,"minecraft:stone_pickaxe":1,"minecraft:cooked_chicken":2,"tombstone:bag_of_seeds":1,"minecraft:dark_oak_stairs":30,"luminousworld:white_petunias":1,"minecraft:iron_sword":3,"minecraft:purple_concrete":3,"minecraft:book":55,"minecraft:oak_slab":29,"minecraft:scaffolding":1,"minecraft:polished_andesite_stairs":4,"minecraft:sweet_berries":107,"iceandfire:ash":1,"minecraft:dandelion":19,"luminousworld:sunset_petunias":3,"mca:divorce_papers":1,"minecraft:gravel":5,"minecraft:white_bed":10,"minecraft:spruce_log":29,"quark:oak_chest":4,"minecraft:dark_oak_fence_gate":2,"tombstone:scroll_of_true_sight":1,"minecraft:pumpkin_seeds":3,"minecraft:slime_ball":5,"minecraft:iron_helmet":1,"luminousworld:decorative_red_2":1,"minecraft:cherry_sapling":3,"minecraft:coal":32},"minecraft:killed_by":{"minecraft:piglin_brute":6,"minecraft:creeper":1,"minecraft:pillager":1,"born_in_chaos_v1:corpse_fly":1,"earthmobsmod:bouldering_zombie":1,"minecraft:vindicator":6,"minecraft:zombie":1,"undead_revamp2:thepregnant":1,"iceandfire:fire_dragon":5,"undead_revamp2:theimmortal":1,"minecraft:husk":6,"undead_revamp2:thespitter":1,"mutantmonsters:mutant_skeleton":1,"minecraft:skeleton":10,"iceandfire:lightning_dragon":3,"enemyexpansion:direwolf":1,"iceandfire:ghost":2},"minecraft:mined":{"luminousworld:white_petunias":2,"minecraft:dark_oak_planks":2,"minecraft:spruce_planks":4,"minecraft:white_bed":10,"minecraft:cobblestone_stairs":1,"minecraft:jungle_leaves":2,"minecraft:brewing_stand":3,"minecraft:spruce_trapdoor":28,"minecraft:potted_dead_bush":1,"minecraft:stone_brick_wall":3,"minecraft:grass_block":596,"ecologics:coconut_leaves":4,"minecraft:oak_wall_sign":1,"minecraft:spawner":7,"minecraft:tall_seagrass":1,"minecraft:iron_ore":5,"minecraft:fire":33,"minecraft:azure_bluet":1,"minecraft:dark_oak_stairs":30,"placeablesmod:empty_bucket_block":1,"supplementaries:stick":1,"minecraft:dirt_path":160,"minecraft:oak_stairs":67,"minecraft:purple_carpet":3,"minecraft:potted_cornflower":3,"minecraft:kelp_plant":8,"luminousworld:purple_petunias":2,"minecraft:torch":5,"minecraft:polished_andesite_stairs":4,"minecraft:calcite":2,"minecraft:melon":5,"minecraft:poppy":2,"minecraft:mushroom_stem":5,"minecraft:cobblestone":1,"minecraft:cyan_bed":3,"minecraft:oak_planks":58,"minecraft:sugar_cane":9,"minecraft:wall_torch":14,"minecraft:pink_petals":5,"minecraft:seagrass":2,"minecraft:repeater":3,"minecraft:wheat":4,"minecraft:lilac":2,"born_in_chaos_v1:river_mint":1,"minecraft:black_bed":4,"minecraft:tnt":1,"minecraft:potted_poppy":1,"minecraft:grass":211,"minecraft:oak_log":40,"minecraft:dirt":596,"minecraft:sand":7,"luminousworld:grassvariant_3":40,"minecraft:piston":1,"minecraft:oak_leaves":52,"luminousworld:groundpebbles_1":2,"minecraft:red_carpet":2,"luminousworld:grassvariant_4":2,"minecraft:dark_oak_leaves":18,"minecraft:oak_door":1,"luminousworld:blue_petunias":1,"minecraft:dark_oak_log":8,"minecraft:ladder":5,"minecraft:dark_oak_fence":3,"alexsmobs:leafcutter_ant_chamber":1,"luminousworld:grassvariant_2":42,"luminousworld:blackberrybush":1,"ecologics:coconut_log":9,"minecraft:spruce_leaves":4,"minecraft:kelp":6,"luminousworld:groundpebbles_3":2,"minecraft:hay_block":35,"minecraft:spore_blossom":5,"luminousworld:sunset_petunias":1,"minecraft:oak_trapdoor":2,"luminousworld:yellow_grassflowers":2,"placeablesmod:water_bucket_block":2,"minecraft:dark_oak_fence_gate":2,"minecraft:bookshelf":17,"minecraft:lantern":7,"minecraft:bamboo":3,"minecraft:stone":199,"minecraft:bone_block":40,"minecraft:cake":1,"minecraft:oak_slab":29,"minecraft:scaffolding":1,"minecraft:glass_pane":1,"born_in_chaos_v1:marigolds":2,"quark:oak_chest":4,"minecraft:potted_lily_of_the_valley":3,"minecraft:brown_carpet":2,"minecraft:dandelion":13,"minecraft:oak_fence":1,"minecraft:crafting_table":6,"minecraft:rose_bush":5,"minecraft:campfire":1,"luminousworld:grassflowers":2,"minecraft:tall_grass":65,"minecraft:blue_bed":9,"minecraft:beehive":5,"minecraft:sweet_berry_bush":9,"minecraft:ice":1,"minecraft:white_carpet":64,"minecraft:spruce_log":30,"minecraft:birch_leaves":47,"iceandfire:pixie_house_mushroom_red":1,"minecraft:yellow_bed":2,"minecraft:coal_ore":34,"minecraft:dark_oak_button":1,"minecraft:flower_pot":1,"minecraft:cherry_leaves":94,"minecraft:cyan_carpet":2,"quark:spruce_chest":1,"minecraft:gravel":5,"minecraft:cobweb":34,"minecraft:stone_bricks":19,"ecologics:coconut_seedling":2,"minecraft:fern":1}},"DataVersion":3465}