{"stats":{"minecraft:mined":{"minecraft:kelp_plant":7,"minecraft:crafting_table":2,"ecologics:coconut_leaves":4,"luminousworld:blackberrybush":1,"ecologics:coconut_log":9,"minecraft:spruce_leaves":4,"minecraft:kelp":2,"minecraft:sugar_cane":7,"minecraft:blue_bed":1,"minecraft:seagrass":1,"minecraft:tall_seagrass":1,"minecraft:wheat":4,"minecraft:sweet_berry_bush":9,"minecraft:lilac":1,"minecraft:spruce_log":30,"minecraft:birch_leaves":24,"minecraft:grass":1,"supplementaries:stick":1,"minecraft:coal_ore":1,"minecraft:stone":13,"minecraft:fern":1},"minecraft:custom":{"minecraft:mob_kills":8,"minecraft:interact_with_crafting_table":5,"minecraft:interact_with_cartography_table":1,"minecraft:open_barrel":3,"minecraft:interact_with_stonecutter":1,"minecraft:leave_game":1,"minecraft:time_since_death":19073,"minecraft:sleep_in_bed":2,"minecraft:climb_one_cm":299,"minecraft:time_since_rest":18132,"minecraft:sprint_one_cm":137740,"minecraft:damage_taken":1976,"minecraft:walk_one_cm":154256,"minecraft:drop":22,"minecraft:damage_dealt":1627,"minecraft:swim_one_cm":36750,"minecraft:fly_one_cm":52603,"minecraft:open_chest":8,"tombstone:undead_killed":1,"minecraft:crouch_one_cm":3297,"minecraft:play_time":49509,"minecraft:deaths":4,"minecraft:sneak_time":875,"minecraft:walk_under_water_one_cm":19411,"minecraft:boat_one_cm":26757,"minecraft:jump":453,"minecraft:walk_on_water_one_cm":13501,"minecraft:total_world_time":49509,"minecraft:fall_one_cm":6578},"minecraft:picked_up":{"minecraft:crafting_table":2,"minecraft:wheat":9,"minecraft:feather":1,"minecraft:lilac":1,"luminousworld:blackberry":1,"minecraft:water_bucket":1,"minecraft:brown_mushroom":1,"minecraft:potato":12,"luminousworld:trout":1,"tombstone:grave_key":1,"minecraft:blue_bed":1,"minecraft:dirt":1,"minecraft:iron_axe":1,"naturalist:bass":2,"minecraft:bone":1,"minecraft:kelp":4,"minecraft:wheat_seeds":22,"minecraft:spruce_planks":4,"minecraft:birch_wood":1,"minecraft:sugar_cane":18,"minecraft:birch_sapling":1,"minecraft:spruce_trapdoor":2,"minecraft:stick":1,"luminousworld:spuds":1,"minecraft:sweet_berries":107,"ecologics:coconut_slice":10,"ecologics:coconut_seedling":1,"tombstone:scroll_of_feather_fall":1,"tombstone:grave_dust":1,"minecraft:spruce_log":29,"minecraft:carrot":4,"tombstone:scroll_of_true_sight":1,"minecraft:rotten_flesh":3,"luminousworld:blueberry":5,"ecologics:coconut_log":9,"minecraft:bone_meal":2,"born_in_chaos_v1:rotten_fish":1,"minecraft:cobblestone":12},"minecraft:used":{"minecraft:water_bucket":15,"minecraft:stone_sword":28,"minecraft:bundle":1,"minecraft:stone_pickaxe":10,"minecraft:wooden_pickaxe":5,"minecraft:rotten_flesh":1,"minecraft:stick":1,"minecraft:crafting_table":3,"minecraft:carrot":6,"minecraft:spruce_log":2,"minecraft:wooden_axe":38,"minecraft:iron_axe":13,"luminousworld:trout":1,"minecraft:wooden_sword":4,"born_in_chaos_v1:rotten_fish":1,"minecraft:sweet_berries":85,"minecraft:bucket":15,"tombstone:gift":2,"minecraft:pumpkin_pie":1},"minecraft:killed_by":{"undead_revamp2:theimmortal":1,"minecraft:husk":1,"born_in_chaos_v1:corpse_fly":1,"undead_revamp2:thespitter":1},"minecraft:killed":{"luminousworld:trout_fish":1,"born_in_chaos_v1:decrepit_skeleton":1,"born_in_chaos_v1:dread_hound":1,"naturalist:bass":2,"born_in_chaos_v1:corpse_fish":3},"minecraft:dropped":{"tombstone:scroll_of_feather_fall":1,"minecraft:kelp":4,"minecraft:wheat_seeds":22,"minecraft:lilac":1,"alexsmobs:animal_dictionary":1,"luminousworld:spuds":1,"minecraft:feather":1,"minecraft:dirt":1,"mca:book_romance":1,"minecraft:spruce_trapdoor":2,"tombstone:grave_key":1,"minecraft:wooden_axe":1,"tombstone:scroll_of_true_sight":1,"tombstone:grave_dust":1,"minecraft:wooden_sword":1,"minecraft:bone_meal":2,"minecraft:wooden_pickaxe":1},"minecraft:crafted":{"minecraft:wooden_sword":1,"minecraft:crafting_table":1,"minecraft:spruce_planks":108,"minecraft:wooden_pickaxe":1,"minecraft:stick":8,"minecraft:stone_pickaxe":1,"minecraft:wooden_axe":1,"minecraft:stone_sword":1}},"DataVersion":3465}