{"stats":{"minecraft:picked_up":{"luminousworld:groundpebbles_1":1,"minecraft:crafting_table":2,"minecraft:wheat":9,"luminousworld:blackberry":1,"minecraft:brown_mushroom":1,"luminousworld:trout":1,"minecraft:stone_brick_stairs":1,"tombstone:grave_key":1,"minecraft:shield":1,"minecraft:iron_axe":1,"minecraft:red_candle":4,"minecraft:beetroot":1,"minecraft:spruce_planks":4,"minecraft:sugar_cane":18,"minecraft:birch_sapling":5,"minecraft:spruce_trapdoor":2,"luminousworld:spuds":1,"minecraft:stick":2,"ecologics:coconut_slice":14,"ecologics:coconut_seedling":1,"tombstone:grave_dust":2,"minecraft:carrot":4,"minecraft:rotten_flesh":4,"ecologics:coconut_log":9,"minecraft:cobblestone":12,"minecraft:magma_block":1,"minecraft:feather":1,"minecraft:lilac":3,"minecraft:water_bucket":1,"minecraft:salmon":1,"minecraft:potato":12,"minecraft:chainmail_chestplate":1,"minecraft:blue_bed":2,"minecraft:dirt":1,"tombstone:gift":1,"naturalist:bass":2,"minecraft:bone":3,"minecraft:kelp":5,"minecraft:wheat_seeds":22,"minecraft:birch_wood":1,"minecraft:spore_blossom":1,"minecraft:sweet_berries":107,"tombstone:scroll_of_feather_fall":1,"minecraft:spruce_log":29,"tombstone:scroll_of_true_sight":1,"luminousworld:blueberry":5,"minecraft:bone_meal":2,"minecraft:bread":1,"born_in_chaos_v1:rotten_fish":1,"minecraft:coal":4},"minecraft:broken":{"minecraft:shield":1},"minecraft:used":{"minecraft:stone_sword":28,"minecraft:shield":37,"minecraft:iron_sword":30,"minecraft:rotten_flesh":1,"minecraft:stick":1,"minecraft:mutton":1,"minecraft:carrot":6,"naturalist:cooked_bass":2,"minecraft:wooden_axe":38,"luminousworld:blueberry":5,"minecraft:iron_axe":14,"minecraft:sweet_berries":108,"minecraft:cooked_cod":1,"tombstone:gift":5,"minecraft:water_bucket":16,"minecraft:bundle":1,"minecraft:stone_pickaxe":17,"minecraft:wooden_pickaxe":5,"minecraft:blue_bed":1,"minecraft:crafting_table":3,"minecraft:spruce_log":2,"minecraft:bread":14,"luminousworld:trout":1,"minecraft:wooden_sword":4,"born_in_chaos_v1:rotten_fish":1,"minecraft:cooked_porkchop":5,"minecraft:bucket":16,"minecraft:pumpkin_pie":1},"minecraft:mined":{"luminousworld:groundpebbles_1":1,"luminousworld:grassvariant_4":2,"ecologics:coconut_leaves":4,"luminousworld:blackberrybush":1,"ecologics:coconut_log":9,"minecraft:spruce_leaves":4,"minecraft:kelp":2,"minecraft:spawner":2,"minecraft:tall_seagrass":1,"minecraft:spore_blossom":1,"supplementaries:stick":1,"minecraft:stone":13,"minecraft:kelp_plant":7,"minecraft:crafting_table":2,"minecraft:mushroom_stem":5,"minecraft:sugar_cane":7,"minecraft:blue_bed":2,"minecraft:seagrass":1,"minecraft:wheat":4,"minecraft:sweet_berry_bush":9,"minecraft:lilac":2,"minecraft:spruce_log":30,"minecraft:birch_leaves":47,"minecraft:grass":1,"minecraft:coal_ore":5,"minecraft:fern":1},"minecraft:killed":{"naturalist:bass":2,"born_in_chaos_v1:corpse_fish":3,"minecraft:piglin_brute":1,"undead_revamp2:sucker":1,"minecraft:piglin":2,"luminousworld:trout_fish":1,"born_in_chaos_v1:decrepit_skeleton":1,"born_in_chaos_v1:dread_hound":1},"minecraft:custom":{"minecraft:mob_kills":12,"minecraft:interact_with_crafting_table":8,"minecraft:open_barrel":16,"minecraft:leave_game":1,"minecraft:time_since_death":4219,"minecraft:climb_one_cm":1139,"minecraft:sprint_one_cm":285035,"minecraft:walk_one_cm":254126,"minecraft:damage_blocked_by_shield":2460,"minecraft:drop":40,"minecraft:play_time":88033,"minecraft:deaths":11,"minecraft:sneak_time":2352,"minecraft:walk_under_water_one_cm":25678,"minecraft:boat_one_cm":93049,"minecraft:jump":837,"minecraft:walk_on_water_one_cm":25061,"minecraft:total_world_time":88033,"minecraft:interact_with_furnace":11,"minecraft:interact_with_cartography_table":1,"minecraft:interact_with_loom":1,"minecraft:interact_with_stonecutter":1,"minecraft:sleep_in_bed":4,"minecraft:time_since_rest":4036,"minecraft:damage_taken":5668,"minecraft:damage_dealt":2972,"minecraft:swim_one_cm":67889,"minecraft:fly_one_cm":111367,"minecraft:open_chest":12,"minecraft:crouch_one_cm":4277,"tombstone:undead_killed":2,"minecraft:interact_with_smoker":1,"minecraft:fall_one_cm":11654},"minecraft:crafted":{"minecraft:wooden_sword":1,"naturalist:cooked_bass":2,"minecraft:stone_pickaxe":1,"minecraft:cooked_cod":2,"minecraft:cooked_porkchop":5,"minecraft:crafting_table":1,"minecraft:spruce_planks":108,"minecraft:wooden_pickaxe":1,"minecraft:cooked_salmon":1,"minecraft:bread":3,"minecraft:air":0,"minecraft:stick":8,"minecraft:wooden_axe":1,"minecraft:stone_sword":1},"minecraft:killed_by":{"undead_revamp2:theimmortal":1,"minecraft:husk":1,"minecraft:piglin_brute":6,"born_in_chaos_v1:corpse_fly":1,"undead_revamp2:thespitter":1},"minecraft:dropped":{"minecraft:iron_ingot":33,"tombstone:scroll_of_feather_fall":1,"minecraft:enchanted_book":1,"minecraft:wheat_seeds":22,"minecraft:lilac":3,"luminousworld:spuds":1,"minecraft:feather":1,"minecraft:emerald":2,"minecraft:dirt":1,"mca:book_romance":1,"tombstone:grave_key":1,"minecraft:wooden_axe":1,"tombstone:scroll_of_true_sight":1,"minecraft:cooked_cod":1,"minecraft:cooked_salmon":1,"tombstone:grave_dust":1,"minecraft:wooden_sword":1,"minecraft:bone_meal":2,"minecraft:gold_ingot":12,"minecraft:bone":1,"minecraft:kelp":4,"alexsmobs:animal_dictionary":1,"minecraft:rotten_flesh":2,"minecraft:chainmail_chestplate":2,"minecraft:red_candle":4,"minecraft:spruce_trapdoor":2,"luminousworld:groundpebbles_1":1,"minecraft:wooden_pickaxe":1}},"DataVersion":3465}