{"stats":{"minecraft:custom":{"minecraft:interact_with_crafting_table":30,"minecraft:open_barrel":59,"minecraft:eat_cake_slice":2,"minecraft:leave_game":3,"minecraft:time_since_death":133592,"minecraft:sprint_one_cm":1329119,"minecraft:damage_blocked_by_shield":4710,"minecraft:drop":123,"minecraft:play_time":426643,"minecraft:deaths":49,"minecraft:jump":5926,"minecraft:walk_on_water_one_cm":116606,"minecraft:interact_with_furnace":14,"minecraft:interact_with_cartography_table":1,"minecraft:interact_with_loom":1,"minecraft:sleep_in_bed":25,"minecraft:damage_dealt":17144,"minecraft:crouch_one_cm":22559,"tombstone:undead_killed":24,"minecraft:interact_with_smoker":3,"minecraft:mob_kills":62,"minecraft:interact_with_campfire":4,"minecraft:damage_dealt_resisted":26,"minecraft:climb_one_cm":33497,"minecraft:walk_one_cm":1450650,"minecraft:sneak_time":7093,"minecraft:walk_under_water_one_cm":69410,"minecraft:boat_one_cm":93049,"minecraft:interact_with_blast_furnace":3,"minecraft:total_world_time":426643,"tombstone:raider_killed":15,"minecraft:tune_noteblock":1,"minecraft:pot_flower":4,"minecraft:interact_with_stonecutter":1,"minecraft:time_since_rest":1660,"minecraft:damage_taken":21424,"minecraft:trigger_trapped_chest":1,"minecraft:swim_one_cm":178417,"minecraft:fly_one_cm":811654,"minecraft:open_chest":165,"minecraft:fall_one_cm":140842},"minecraft:broken":{"minecraft:golden_leggings":1,"minecraft:stone_pickaxe":1,"minecraft:chainmail_chestplate":1,"minecraft:iron_sword":1,"minecraft:shield":1},"minecraft:used":{"minecraft:beetroot":1,"minecraft:cherry_sapling":2,"minecraft:iron_shovel":298,"minecraft:ladder":3,"minecraft:poppy":1,"minecraft:oak_sign":5,"minecraft:shield":74,"minecraft:iron_sword":391,"minecraft:rotten_flesh":1,"minecraft:mutton":1,"minecraft:carrot":28,"naturalist:cooked_bass":2,"born_in_chaos_v1:corpse_maggot":1,"luminousworld:blueberry":5,"minecraft:lantern":8,"minecraft:polished_andesite_stairs":3,"minecraft:dark_oak_button":1,"minecraft:stone_bricks":14,"minecraft:repeater":3,"minecraft:bow":11,"minecraft:hay_block":1,"minecraft:scaffolding":2,"minecraft:sweet_berries":135,"minecraft:oak_sapling":3,"minecraft:cooked_cod":1,"minecraft:dark_oak_sapling":4,"minecraft:stone_pickaxe":131,"minecraft:oak_planks":52,"minecraft:wooden_pickaxe":5,"luminousworld:groundpebbles_1":4,"minecraft:blue_bed":7,"minecraft:sand":5,"minecraft:mushroom_stew":9,"minecraft:stone_brick_wall":2,"minecraft:black_bed":4,"minecraft:dark_oak_log":1,"minecraft:cyan_bed":2,"minecraft:bread":94,"minecraft:melon_slice":20,"minecraft:cyan_carpet":10,"minecraft:spore_blossom":5,"tombstone:grave_key":4,"ecologics:coconut_slice":14,"minecraft:wooden_sword":4,"born_in_chaos_v1:rotten_fish":1,"luminousworld:purple_petunias":1,"minecraft:dark_oak_fence":24,"minecraft:stone_sword":28,"minecraft:spruce_planks":21,"minecraft:cooked_salmon":1,"minecraft:cooked_chicken":1,"minecraft:torch":26,"minecraft:stick":1,"minecraft:dirt":71,"alexscaves:cooked_tripodfish":1,"minecraft:white_carpet":85,"iceandfire:pixie_dust":1,"minecraft:wooden_axe":38,"quark:spruce_chest":4,"minecraft:oak_stairs":11,"minecraft:iron_axe":302,"minecraft:bamboo":11,"tombstone:gift":10,"ecologics:coconut_seedling":3,"minecraft:cooked_beef":1,"minecraft:powder_snow_bucket":1,"minecraft:beetroot_soup":1,"minecraft:cooked_mutton":7,"minecraft:water_bucket":90,"minecraft:bundle":1,"minecraft:oak_slab":69,"minecraft:crafting_table":11,"minecraft:white_bed":6,"minecraft:dark_oak_fence_gate":2,"minecraft:cake":1,"minecraft:spruce_log":2,"tombstone:bag_of_seeds":1,"minecraft:flower_pot":4,"minecraft:apple":8,"minecraft:iron_pickaxe":26,"minecraft:spruce_trapdoor":28,"luminousworld:trout":1,"quark:dark_oak_chest":2,"minecraft:cobblestone":1,"minecraft:cooked_porkchop":9,"minecraft:bucket":91,"minecraft:yellow_bed":2,"minecraft:pumpkin_pie":1,"quark:oak_chest":13,"minecraft:purple_carpet":1,"minecraft:dandelion":1},"minecraft:killed":{"minecraft:spider":1,"undead_revamp2:thesmoker":1,"creeperoverhaul:bamboo_creeper":2,"minecraft:skeleton":6,"alexsmobs:leafcutter_ant":1,"minecraft:piglin_brute":1,"minecraft:piglin":2,"luminousworld:trout_fish":1,"minecraft:pillager":11,"minecraft:zombie":2,"born_in_chaos_v1:dread_hound":2,"iceandfire:pixie":2,"luminousworld:dark_oak_zombie":1,"born_in_chaos_v1:siamese_skeletonsleft":1,"minecraft:vindicator":4,"born_in_chaos_v1:maggot":1,"naturalist:bass":2,"born_in_chaos_v1:corpse_fish":3,"undead_revamp2:sucker":5,"minecraft:husk":4,"undead_revamp2:the_moonflower":1,"minecraft:frog":1,"born_in_chaos_v1:decrepit_skeleton":1,"iceandfire:ghost":2},"minecraft:killed_by":{"minecraft:piglin_brute":6,"minecraft:creeper":1,"minecraft:pillager":1,"born_in_chaos_v1:corpse_fly":1,"earthmobsmod:bouldering_zombie":1,"minecraft:vindicator":6,"minecraft:zombie":1,"undead_revamp2:thepregnant":1,"iceandfire:fire_dragon":5,"undead_revamp2:theimmortal":1,"minecraft:husk":6,"undead_revamp2:thespitter":1,"mutantmonsters:mutant_skeleton":1,"minecraft:skeleton":9,"iceandfire:lightning_dragon":3,"enemyexpansion:direwolf":1,"iceandfire:ghost":2},"minecraft:mined":{"minecraft:dark_oak_planks":2,"minecraft:spruce_planks":4,"minecraft:white_bed":10,"minecraft:cobblestone_stairs":1,"minecraft:jungle_leaves":2,"minecraft:brewing_stand":2,"minecraft:spruce_trapdoor":28,"minecraft:potted_dead_bush":1,"minecraft:stone_brick_wall":1,"minecraft:grass_block":72,"ecologics:coconut_leaves":4,"minecraft:oak_wall_sign":1,"minecraft:spawner":7,"minecraft:tall_seagrass":1,"minecraft:iron_ore":5,"minecraft:fire":33,"placeablesmod:empty_bucket_block":1,"supplementaries:stick":1,"minecraft:dirt_path":21,"minecraft:oak_stairs":67,"minecraft:purple_carpet":3,"minecraft:potted_cornflower":2,"minecraft:kelp_plant":8,"luminousworld:purple_petunias":2,"minecraft:torch":3,"minecraft:polished_andesite_stairs":4,"minecraft:calcite":2,"minecraft:poppy":1,"minecraft:melon":5,"minecraft:mushroom_stem":5,"minecraft:cobblestone":1,"minecraft:cyan_bed":3,"minecraft:oak_planks":57,"minecraft:sugar_cane":9,"minecraft:wall_torch":7,"minecraft:pink_petals":5,"minecraft:seagrass":2,"minecraft:repeater":3,"minecraft:wheat":4,"minecraft:lilac":2,"minecraft:tnt":1,"minecraft:black_bed":4,"minecraft:potted_poppy":1,"minecraft:grass":69,"minecraft:oak_log":30,"minecraft:dirt":52,"minecraft:sand":7,"luminousworld:grassvariant_3":12,"minecraft:piston":1,"minecraft:oak_leaves":37,"luminousworld:groundpebbles_1":2,"minecraft:dark_oak_leaves":18,"luminousworld:grassvariant_4":2,"minecraft:dark_oak_log":8,"minecraft:ladder":5,"minecraft:dark_oak_fence":1,"alexsmobs:leafcutter_ant_chamber":1,"luminousworld:grassvariant_2":16,"luminousworld:blackberrybush":1,"ecologics:coconut_log":9,"minecraft:spruce_leaves":4,"minecraft:kelp":6,"luminousworld:groundpebbles_3":2,"minecraft:hay_block":35,"minecraft:spore_blossom":5,"luminousworld:yellow_grassflowers":1,"placeablesmod:water_bucket_block":2,"minecraft:dark_oak_fence_gate":2,"minecraft:bookshelf":17,"minecraft:lantern":7,"minecraft:bamboo":3,"minecraft:stone":32,"minecraft:bone_block":40,"minecraft:cake":1,"minecraft:oak_slab":29,"minecraft:scaffolding":1,"minecraft:glass_pane":1,"quark:oak_chest":4,"minecraft:potted_lily_of_the_valley":2,"minecraft:brown_carpet":2,"minecraft:dandelion":3,"minecraft:oak_fence":1,"minecraft:crafting_table":6,"minecraft:campfire":1,"minecraft:tall_grass":32,"minecraft:blue_bed":9,"minecraft:beehive":5,"minecraft:sweet_berry_bush":9,"minecraft:ice":1,"minecraft:white_carpet":64,"minecraft:spruce_log":30,"minecraft:birch_leaves":47,"iceandfire:pixie_house_mushroom_red":1,"minecraft:yellow_bed":2,"minecraft:coal_ore":34,"minecraft:dark_oak_button":1,"minecraft:cherry_leaves":94,"quark:spruce_chest":1,"minecraft:cyan_carpet":2,"minecraft:cobweb":34,"minecraft:stone_bricks":17,"ecologics:coconut_seedling":2,"minecraft:fern":1},"minecraft:crafted":{"minecraft:oak_planks":132,"naturalist:cooked_bass":2,"minecraft:cooked_mutton":7,"minecraft:oak_slab":42,"minecraft:cooked_porkchop":7,"minecraft:crafting_table":5,"minecraft:spruce_planks":108,"minecraft:wooden_pickaxe":1,"minecraft:iron_helmet":1,"quark:oak_chest":9,"minecraft:stick":24,"minecraft:iron_ingot":8,"minecraft:iron_pickaxe":1,"minecraft:stone_sword":1,"minecraft:shears":2,"minecraft:wooden_sword":1,"minecraft:white_carpet":21,"quark:dark_oak_chest":2,"minecraft:dark_oak_fence":24,"minecraft:stone_pickaxe":1,"quark:spruce_chest":3,"minecraft:dark_oak_planks":20,"minecraft:wheat":306,"minecraft:cooked_cod":2,"minecraft:cooked_salmon":1,"minecraft:bread":111,"minecraft:air":0,"minecraft:oak_stairs":4,"minecraft:wooden_axe":1,"minecraft:iron_shovel":1,"minecraft:torch":24},"minecraft:dropped":{"minecraft:iron_sword":2,"luminousworld:yellowpetunias":1,"luminousworld:spuds":1,"minecraft:saddle":1,"minecraft:emerald":3,"born_in_chaos_v1:monster_flesh":1,"minecraft:dirt":2,"tombstone:scroll_of_true_sight":1,"minecraft:cooked_cod":1,"minecraft:wooden_sword":1,"minecraft:bone_meal":2,"minecraft:bone_block":40,"quark:ancient_tome":1,"minecraft:bone":3,"minecraft:gold_ingot":12,"minecraft:iron_nugget":42,"alexsmobs:animal_dictionary":1,"aether:golden_gloves":1,"minecraft:birch_sapling":4,"minecraft:cherry_sapling":1,"minecraft:beetroot":1,"minecraft:rotten_flesh":3,"minecraft:birch_wood":1,"minecraft:white_bed":2,"minecraft:chainmail_chestplate":2,"supplementaries:flax_seeds":2,"supplementaries:ash":11,"minecraft:red_candle":4,"ecologics:coconut_husk":14,"minecraft:iron_ore":84,"minecraft:water_bucket":1,"minecraft:iron_ingot":55,"minecraft:enchanted_book":5,"tombstone:scroll_of_feather_fall":1,"minecraft:wheat_seeds":25,"minecraft:lilac":3,"minecraft:golden_horse_armor":1,"minecraft:feather":1,"minecraft:coal":36,"mca:book_romance":1,"illagerinvasion:platinum_chunk":4,"tombstone:magic_scroll":2,"tombstone:grave_key":3,"minecraft:wooden_axe":1,"minecraft:cooked_salmon":1,"tombstone:grave_dust":2,"minecraft:oak_stairs":60,"minecraft:string":9,"minecraft:pink_petals":6,"tombstone:voodoo_poppet":1,"minecraft:kelp":4,"minecraft:cocoa_beans":4,"minecraft:diamond_hoe":1,"earthmobsmod:harder_flesh":1,"minecraft:pumpkin_seeds":3,"tombstone:scroll_of_unstable_intangibility":1,"undead_revamp2:bostroxingot":1,"minecraft:potato":12,"aether:iron_gloves":2,"minecraft:spruce_trapdoor":2,"luminousworld:groundpebbles_1":2,"minecraft:bamboo":13,"minecraft:wooden_pickaxe":1,"minecraft:vex_armor_trim_smithing_template":2},"minecraft:picked_up":{"minecraft:iron_chestplate":1,"minecraft:wheat":11,"illagerinvasion:platinum_chunk":6,"luminousworld:blackberry":1,"minecraft:flower_pot":6,"aether:iron_gloves":2,"minecraft:oak_stairs":67,"minecraft:enchanted_book":1,"minecraft:potion":3,"minecraft:stone_brick_stairs":1,"tombstone:grave_key":2,"minecraft:brewing_stand":2,"minecraft:string":35,"minecraft:iron_leggings":1,"minecraft:beetroot_soup":1,"minecraft:red_candle":4,"minecraft:oak_sign":5,"minecraft:beetroot":2,"minecraft:gold_nugget":56,"minecraft:bucket":1,"minecraft:spruce_planks":5,"minecraft:calcite":2,"minecraft:melon_slice":17,"minecraft:iron_boots":1,"minecraft:beehive":5,"iceandfire:pixie_dust":3,"minecraft:stick":3,"minecraft:oak_fence":1,"minecraft:torch":11,"ecologics:coconut_seedling":3,"minecraft:spruce_stairs":5,"tombstone:grave_dust":6,"aether:golden_gloves":1,"minecraft:brown_carpet":6,"luminousworld:grassflowers":1,"minecraft:stone_sword":1,"minecraft:rotten_flesh":32,"luminousworld:yellow_grassflowers":1,"ecologics:coconut_log":9,"supplementaries:ash":15,"minecraft:cobblestone":27,"paraglider:paraglider":1,"minecraft:pink_petals":6,"minecraft:magma_block":1,"minecraft:cooked_beef":1,"minecraft:feather":1,"minecraft:lilac":3,"minecraft:repeater":3,"minecraft:water_bucket":3,"minecraft:black_bed":4,"minecraft:potato":12,"luminousworld:purple_petunias":2,"supplementaries:flax_seeds":2,"minecraft:dirt":167,"minecraft:lantern":9,"born_in_chaos_v1:marigolds":3,"born_in_chaos_v1:monster_skin":1,"minecraft:purple_carpet":5,"minecraft:bone":14,"minecraft:bow":1,"minecraft:wheat_seeds":36,"minecraft:birch_wood":3,"minecraft:dark_oak_sign":1,"minecraft:bamboo":22,"minecraft:oak_planks":54,"minecraft:cooked_porkchop":2,"tombstone:scroll_of_feather_fall":1,"earthmobsmod:harder_flesh":1,"minecraft:sand":5,"minecraft:lily_of_the_valley":2,"minecraft:dead_bush":1,"minecraft:cyan_bed":3,"minecraft:dark_oak_log":8,"luminousworld:yellowpetunias":2,"minecraft:writable_book":1,"luminousworld:blueberry":5,"minecraft:bone_meal":2,"minecraft:golden_apple":2,"minecraft:spruce_button":5,"minecraft:bread":1,"minecraft:emerald":10,"minecraft:chainmail_helmet":1,"minecraft:oak_sapling":4,"born_in_chaos_v1:rotten_fish":1,"minecraft:dark_oak_fence":1,"undead_revamp2:bostroxingot":1,"minecraft:cocoa_beans":4,"minecraft:charcoal":6,"sophisticatedbackpacks:gold_backpack":1,"luminousworld:groundpebbles_1":9,"minecraft:crafting_table":6,"minecraft:ladder":5,"born_in_chaos_v1:river_mint":4,"minecraft:brown_mushroom":1,"minecraft:wooden_pickaxe":1,"minecraft:stone_brick_wall":2,"minecraft:cooked_rabbit":1,"luminousworld:trout":1,"minecraft:shield":2,"minecraft:cornflower":2,"minecraft:iron_axe":2,"minecraft:item_frame":8,"born_in_chaos_v1:intoxicating_decoction":1,"minecraft:white_carpet":71,"minecraft:iron_shovel":1,"minecraft:cyan_carpet":15,"quark:spruce_chest":1,"minecraft:poppy":3,"minecraft:sugar_cane":24,"minecraft:birch_sapling":5,"minecraft:piston":1,"minecraft:spruce_trapdoor":30,"minecraft:dark_oak_sapling":2,"minecraft:raw_iron":5,"luminousworld:spuds":1,"ecologics:coconut_slice":14,"minecraft:spruce_fence":4,"minecraft:stone_button":1,"minecraft:cookie":1,"minecraft:carrot":5,"minecraft:dark_oak_planks":2,"minecraft:tnt":1,"minecraft:arrow":5,"minecraft:pumpkin_pie":2,"minecraft:hay_block":35,"minecraft:mutton":2,"minecraft:white_wool":6,"minecraft:bone_block":40,"born_in_chaos_v1:fused_bone":1,"born_in_chaos_v1:corpse_maggot":1,"minecraft:dark_oak_button":1,"born_in_chaos_v1:monster_flesh":1,"minecraft:salmon":1,"minecraft:oak_log":33,"minecraft:chainmail_chestplate":1,"minecraft:yellow_bed":2,"minecraft:cobblestone_stairs":1,"minecraft:blue_bed":8,"minecraft:paper":1,"minecraft:white_banner":8,"tombstone:gift":1,"iceandfire:pixie_house_mushroom_red":1,"naturalist:bass":2,"minecraft:cooked_mutton":2,"minecraft:apple":1,"minecraft:stone_bricks":18,"minecraft:kelp":11,"minecraft:spore_blossom":5,"minecraft:stone_pickaxe":1,"minecraft:iron_ingot":7,"minecraft:cooked_chicken":2,"tombstone:bag_of_seeds":1,"minecraft:iron_sword":3,"minecraft:purple_concrete":3,"minecraft:oak_slab":29,"minecraft:book":55,"minecraft:scaffolding":1,"minecraft:polished_andesite_stairs":4,"minecraft:sweet_berries":107,"iceandfire:ash":1,"minecraft:dandelion":6,"minecraft:white_bed":10,"minecraft:spruce_log":29,"minecraft:dark_oak_fence_gate":2,"quark:oak_chest":4,"tombstone:scroll_of_true_sight":1,"minecraft:pumpkin_seeds":3,"minecraft:slime_ball":4,"minecraft:iron_helmet":1,"luminousworld:decorative_red_2":1,"minecraft:cherry_sapling":3,"minecraft:coal":32}},"DataVersion":3465}