{"stats":{"minecraft:picked_up":{"minecraft:magma_block":1,"minecraft:crafting_table":2,"minecraft:wheat":9,"minecraft:feather":1,"minecraft:lilac":1,"luminousworld:blackberry":1,"minecraft:water_bucket":1,"minecraft:salmon":1,"minecraft:brown_mushroom":1,"minecraft:potato":12,"luminousworld:trout":1,"minecraft:stone_brick_stairs":1,"tombstone:grave_key":1,"minecraft:shield":1,"minecraft:dirt":1,"minecraft:blue_bed":2,"tombstone:gift":1,"minecraft:iron_axe":1,"naturalist:bass":2,"minecraft:bone":1,"minecraft:kelp":5,"minecraft:wheat_seeds":22,"minecraft:birch_wood":1,"minecraft:spruce_planks":4,"minecraft:sugar_cane":18,"minecraft:birch_sapling":1,"minecraft:spruce_trapdoor":2,"minecraft:stick":1,"luminousworld:spuds":1,"minecraft:sweet_berries":107,"ecologics:coconut_slice":10,"ecologics:coconut_seedling":1,"tombstone:scroll_of_feather_fall":1,"tombstone:grave_dust":2,"minecraft:spruce_log":29,"minecraft:carrot":4,"tombstone:scroll_of_true_sight":1,"minecraft:rotten_flesh":3,"luminousworld:blueberry":5,"ecologics:coconut_log":9,"minecraft:bone_meal":2,"minecraft:bread":1,"born_in_chaos_v1:rotten_fish":1,"minecraft:cobblestone":12},"minecraft:mined":{"minecraft:kelp_plant":7,"minecraft:crafting_table":2,"ecologics:coconut_leaves":4,"minecraft:mushroom_stem":3,"luminousworld:blackberrybush":1,"ecologics:coconut_log":9,"minecraft:spruce_leaves":4,"minecraft:kelp":2,"minecraft:sugar_cane":7,"minecraft:blue_bed":2,"minecraft:seagrass":1,"minecraft:tall_seagrass":1,"minecraft:wheat":4,"minecraft:sweet_berry_bush":9,"minecraft:lilac":1,"minecraft:spruce_log":30,"minecraft:birch_leaves":24,"minecraft:grass":1,"supplementaries:stick":1,"minecraft:coal_ore":1,"minecraft:stone":13,"minecraft:fern":1},"minecraft:used":{"minecraft:water_bucket":16,"minecraft:stone_sword":28,"minecraft:bundle":1,"minecraft:stone_pickaxe":10,"minecraft:wooden_pickaxe":5,"minecraft:blue_bed":1,"minecraft:rotten_flesh":1,"minecraft:stick":1,"minecraft:crafting_table":3,"minecraft:carrot":6,"minecraft:spruce_log":2,"minecraft:wooden_axe":38,"minecraft:iron_axe":13,"minecraft:bread":3,"minecraft:wooden_sword":4,"luminousworld:trout":1,"born_in_chaos_v1:rotten_fish":1,"minecraft:sweet_berries":108,"minecraft:cooked_cod":1,"minecraft:bucket":16,"tombstone:gift":4,"minecraft:pumpkin_pie":1},"minecraft:killed":{"luminousworld:trout_fish":1,"born_in_chaos_v1:decrepit_skeleton":1,"born_in_chaos_v1:dread_hound":1,"naturalist:bass":2,"born_in_chaos_v1:corpse_fish":3},"minecraft:custom":{"minecraft:interact_with_furnace":10,"minecraft:mob_kills":8,"minecraft:interact_with_crafting_table":7,"minecraft:interact_with_cartography_table":1,"minecraft:open_barrel":11,"minecraft:interact_with_stonecutter":1,"minecraft:leave_game":1,"minecraft:time_since_death":33597,"minecraft:sleep_in_bed":4,"minecraft:climb_one_cm":1139,"minecraft:time_since_rest":1697,"minecraft:sprint_one_cm":156666,"minecraft:damage_taken":2226,"minecraft:walk_one_cm":169940,"minecraft:drop":28,"minecraft:damage_dealt":1647,"minecraft:swim_one_cm":66951,"minecraft:fly_one_cm":58368,"minecraft:open_chest":9,"minecraft:crouch_one_cm":3659,"minecraft:play_time":64033,"tombstone:undead_killed":1,"minecraft:deaths":4,"minecraft:sneak_time":2165,"minecraft:walk_under_water_one_cm":23922,"minecraft:boat_one_cm":93049,"minecraft:jump":507,"minecraft:walk_on_water_one_cm":15119,"minecraft:interact_with_smoker":1,"minecraft:total_world_time":64033,"minecraft:fall_one_cm":6578},"minecraft:crafted":{"minecraft:cooked_cod":2,"minecraft:wooden_sword":1,"minecraft:crafting_table":1,"minecraft:spruce_planks":108,"minecraft:wooden_pickaxe":1,"minecraft:cooked_salmon":1,"naturalist:cooked_bass":2,"minecraft:air":0,"minecraft:bread":3,"minecraft:stick":8,"minecraft:stone_pickaxe":1,"minecraft:wooden_axe":1,"minecraft:stone_sword":1},"minecraft:killed_by":{"undead_revamp2:theimmortal":1,"minecraft:husk":1,"born_in_chaos_v1:corpse_fly":1,"undead_revamp2:thespitter":1},"minecraft:dropped":{"minecraft:enchanted_book":1,"tombstone:scroll_of_feather_fall":1,"minecraft:kelp":4,"minecraft:wheat_seeds":22,"minecraft:lilac":1,"alexsmobs:animal_dictionary":1,"luminousworld:spuds":1,"minecraft:feather":1,"minecraft:rotten_flesh":2,"minecraft:emerald":1,"minecraft:dirt":1,"mca:book_romance":1,"minecraft:spruce_trapdoor":2,"tombstone:grave_key":1,"minecraft:wooden_axe":1,"tombstone:scroll_of_true_sight":1,"minecraft:cooked_cod":1,"minecraft:cooked_salmon":1,"tombstone:grave_dust":1,"minecraft:wooden_sword":1,"minecraft:bone_meal":2,"minecraft:wooden_pickaxe":1}},"DataVersion":3465}