{"stats":{"minecraft:used":{"enchantinginfuser:enchanting_infuser":1,"minecraft:enchanting_table":1,"minecraft:bookshelf":15,"iceandfire:dread_stone_bricks":2,"minecraft:pumpkin":1,"minecraft:spruce_log":1,"enchantinginfuser:advanced_enchanting_infuser":1},"minecraft:mined":{"minecraft:spruce_log":1,"minecraft:pumpkin":1},"minecraft:picked_up":{"minecraft:bone":1,"minecraft:arrow":2,"minecraft:pumpkin":1,"minecraft:netherite_sword":1,"minecraft:spruce_log":1},"minecraft:dropped":{"enchantinginfuser:enchanting_infuser":1,"minecraft:arrow":2,"minecraft:lapis_lazuli":64,"alexsmobs:animal_dictionary":1,"minecraft:bookshelf":1,"minecraft:enchanting_table":1,"minecraft:bone":1,"iceandfire:dread_stone_bricks":1},"minecraft:custom":{"minecraft:open_chest":5,"minecraft:time_since_rest":13320,"minecraft:crouch_one_cm":3,"minecraft:play_time":13320,"minecraft:sprint_one_cm":16362,"minecraft:walk_one_cm":14537,"minecraft:sneak_time":57,"minecraft:walk_under_water_one_cm":71,"minecraft:drop":10,"minecraft:jump":72,"minecraft:leave_game":1,"minecraft:time_since_death":13320,"minecraft:walk_on_water_one_cm":175,"minecraft:enchant_item":2,"minecraft:total_world_time":13320,"minecraft:fall_one_cm":209,"minecraft:fly_one_cm":58619}},"DataVersion":3465}