{"stats":{"minecraft:used":{"minecraft:stone_sword":30,"minecraft:spruce_planks":13,"born_in_chaos_v1:smoked_fish":1,"minecraft:shield":40,"minecraft:iron_sword":165,"alexscaves:cooked_lanternfish":1,"minecraft:cooked_salmon":5,"minecraft:rotten_flesh":2,"minecraft:torch":23,"alexscaves:cooked_tripodfish":1,"minecraft:chainmail_chestplate":1,"ecologics:seashell":1,"eeeabsmobs:guardian_axe":2,"minecraft:dark_oak_planks":21,"minecraft:spruce_boat":2,"minecraft:wooden_axe":41,"quark:spruce_chest":4,"luminousworld:blueberry":3,"minecraft:iron_helmet":1,"minecraft:sweet_berries":32,"minecraft:cooked_cod":7,"cataclysm:coral_spear":14,"tombstone:gift":7,"minecraft:cooked_beef":3,"minecraft:cherry_log":6,"minecraft:iron_leggings":1,"alexsmobs:cooked_catfish":1,"minecraft:water_bucket":3,"luminousworld:blackberry":3,"quark:cobblestone_bricks":4,"minecraft:stone_pickaxe":48,"minecraft:wooden_pickaxe":3,"minecraft:brown_mushroom":2,"minecraft:spruce_sign":2,"minecraft:blue_bed":7,"minecraft:salmon":2,"minecraft:sand":5,"minecraft:crafting_table":11,"minecraft:spruce_log":6,"minecraft:smoker":1,"luminousworld:creepberries":5,"minecraft:iron_pickaxe":53,"minecraft:string":1,"minecraft:suspicious_stew":1,"minecraft:bread":11,"minecraft:stone_axe":103,"ecologics:coconut_slice":2,"minecraft:pink_petals":13,"minecraft:cobblestone":6,"minecraft:cooked_porkchop":3,"minecraft:andesite":5,"minecraft:bucket":3},"minecraft:crafted":{"alexscaves:cooked_lanternfish":1,"minecraft:furnace":1,"quark:dark_oak_chest":1,"minecraft:iron_boots":1,"quark:cobblestone_bricks":4,"minecraft:stone_pickaxe":1,"minecraft:spruce_boat":2,"alexsmobs:cooked_catfish":1,"quark:spruce_chest":4,"minecraft:dark_oak_planks":80,"minecraft:smoker":1,"sophisticatedbackpacks:iron_backpack":1,"minecraft:cooked_beef":3,"minecraft:cooked_cod":5,"sophisticatedbackpacks:backpack":1,"alexscaves:cooked_tripodfish":1,"born_in_chaos_v1:smoked_fish":1,"minecraft:cooked_porkchop":2,"minecraft:crafting_table":8,"minecraft:spruce_planks":108,"minecraft:wooden_pickaxe":1,"minecraft:iron_helmet":2,"minecraft:cooked_salmon":2,"sophisticatedbackpacks:gold_backpack":1,"minecraft:stone_axe":1,"minecraft:bread":5,"minecraft:air":0,"aether:iron_gloves":2,"minecraft:shield":2,"minecraft:stick":16,"minecraft:iron_pickaxe":1,"minecraft:wooden_axe":1,"minecraft:stone_sword":1,"minecraft:iron_leggings":1,"minecraft:gold_ingot":9,"minecraft:torch":52},"minecraft:broken":{"minecraft:shield":1,"minecraft:wooden_axe":1},"minecraft:dropped":{"minecraft:water_bucket":1,"minecraft:wheat_seeds":44,"minecraft:iron_helmet":1,"luminousworld:creepberries":1,"minecraft:lantern":1,"born_in_chaos_v1:monster_flesh":2,"mca:book_romance":1,"tombstone:grave_key":1,"minecraft:wooden_axe":1,"minecraft:rose_bush":1,"minecraft:iron_leggings":1,"minecraft:wooden_sword":1,"minecraft:bone_meal":1,"minecraft:sand":16,"minecraft:pink_petals":4,"minecraft:bone":1,"minecraft:kelp":13,"alexsmobs:animal_dictionary":1,"minecraft:bowl":1,"born_in_chaos_v1:rotten_fish":1,"minecraft:beetroot":1,"minecraft:rotten_flesh":5,"minecraft:iron_boots":1,"minecraft:chainmail_chestplate":1,"minecraft:filled_map":1,"supplementaries:flax_seeds":1,"minecraft:shield":1,"supplementaries:cartographers_quill":1,"aether:iron_gloves":3,"minecraft:wooden_pickaxe":1},"minecraft:killed":{"iceandfire:hippogryph":1,"undead_revamp2:thehunter":1,"undead_revamp2:theimmortal":1,"minecraft:spider":2,"undead_revamp2:bomber":1,"enemyexpansion:direwolf":1,"born_in_chaos_v1:siamese_skeletonsright":1,"born_in_chaos_v1:maggot":2,"undead_revamp2:theswarmer":1,"minecraft:skeleton":3,"born_in_chaos_v1:corpse_fish":2,"undead_revamp2:sucker":1,"undead_revamp2:thespitter":1,"minecraft:piglin":3,"minecraft:pig":2,"minecraft:husk":4,"earthmobsmod:bouldering_zombie":2,"iceandfire:troll":1,"undead_revamp2:the_moonflower":2,"enemyexpansion:sprinter":1,"born_in_chaos_v1:decrepit_skeleton":1,"minecraft:sheep":6,"enemyexpansion:meature":1,"minecraft:zombie":5,"born_in_chaos_v1:dread_hound":2,"iceandfire:ghost":4,"born_in_chaos_v1:corpse_fly":9,"minecraft:cow":7},"minecraft:killed_by":{"minecraft:husk":1,"undead_revamp2:sucker":2,"born_in_chaos_v1:nightmare_stalker":1,"minecraft:piglin_brute":4,"born_in_chaos_v1:zombie_bruiser":1,"minecraft:piglin":1,"minecraft:skeleton":1,"iceandfire:lightning_dragon":1,"iceandfire:fire_dragon":1},"minecraft:picked_up":{"minecraft:wooden_axe":1,"luminousworld:groundpebbles_1":1,"minecraft:crafting_table":3,"minecraft:wheat":15,"luminousworld:blackberry":12,"minecraft:chainmail_boots":1,"iceandfire:troll_weapon_hammer":1,"minecraft:brown_mushroom":2,"ecologics:seashell":1,"aether:iron_gloves":4,"minecraft:gold_block":1,"minecraft:enchanted_book":5,"tombstone:grave_key":1,"minecraft:string":13,"minecraft:cooked_salmon":1,"minecraft:wooden_sword":1,"minecraft:red_candle":4,"minecraft:beetroot":1,"tombstone:scroll_of_unstable_intangibility":1,"minecraft:spruce_planks":7,"minecraft:beef":14,"minecraft:rose_bush":1,"minecraft:iron_nugget":42,"minecraft:melon_slice":22,"minecraft:birch_sapling":4,"minecraft:diamond_hoe":1,"minecraft:stick":8,"luminousworld:spuds":1,"iceandfire:troll_tusk":1,"ecologics:coconut_slice":6,"minecraft:torch":3,"minecraft:bowl":1,"minecraft:spruce_fence":1,"minecraft:porkchop":5,"minecraft:cherry_log":23,"minecraft:pointed_dripstone":4,"tombstone:grave_dust":1,"minecraft:carrot":15,"minecraft:dark_oak_planks":2,"quark:ancient_tome":1,"minecraft:arrow":4,"minecraft:rotten_flesh":21,"minecraft:cooked_cod":1,"minecraft:vex_armor_trim_smithing_template":2,"minecraft:gold_ingot":12,"minecraft:saddle":1,"tombstone:essence_of_undeath":1,"supplementaries:ash":1,"undead_revamp2:arapholia":2,"minecraft:mutton":9,"minecraft:iron_bars":1,"minecraft:bone_block":40,"minecraft:white_wool":4,"minecraft:cobblestone":37,"born_in_chaos_v1:corpse_maggot":5,"minecraft:pink_petals":7,"minecraft:magma_block":2,"born_in_chaos_v1:monster_flesh":4,"minecraft:andesite":5,"minecraft:salmon":2,"minecraft:leather":11,"minecraft:smoker":3,"minecraft:red_mushroom":1,"minecraft:potato":20,"minecraft:filled_map":1,"minecraft:chainmail_chestplate":2,"iceandfire:ectoplasm":1,"tombstone:voodoo_poppet":1,"minecraft:blue_bed":9,"minecraft:lantern":1,"born_in_chaos_v1:monster_skin":1,"minecraft:bone":6,"minecraft:kelp":13,"minecraft:wheat_seeds":45,"minecraft:spore_blossom":3,"minecraft:iron_ingot":48,"minecraft:iron_ore":84,"minecraft:bamboo":13,"minecraft:moss_block":2,"minecraft:book":60,"minecraft:dark_oak_slab":1,"minecraft:cooked_porkchop":8,"minecraft:sweet_berries":25,"luminousworld:creepberries":6,"earthmobsmod:harder_flesh":2,"minecraft:sand":37,"ecologics:coconut_husk":14,"minecraft:spruce_sapling":1,"minecraft:spruce_log":24,"minecraft:spider_eye":1,"luminousworld:yellowpetunias":1,"luminousworld:blueberry":31,"minecraft:bone_meal":1,"minecraft:cherry_sapling":16,"minecraft:spruce_sign":2,"minecraft:golden_horse_armor":1,"minecraft:emerald":3,"tombstone:magic_scroll":3,"born_in_chaos_v1:rotten_fish":2,"minecraft:black_wool":2,"minecraft:dark_oak_wood":33,"minecraft:coal":95,"iceandfire:raw_silver":5},"minecraft:mined":{"minecraft:dark_oak_planks":2,"minecraft:spruce_planks":4,"iceandfire:silver_ore":5,"luminousworld:grassvariant_4":1,"minecraft:cherry_log":23,"minecraft:jungle_leaves":13,"luminousworld:mossbuds_1":2,"minecraft:spruce_fence":1,"luminousworld:grassvariant_2":2,"minecraft:spruce_leaves":3,"minecraft:spore_blossom":3,"minecraft:magma_block":3,"minecraft:carrots":3,"minecraft:andesite":5,"minecraft:gold_block":1,"minecraft:potatoes":2,"minecraft:bookshelf":20,"minecraft:pointed_dripstone":1,"minecraft:vine":2,"minecraft:iron_bars":1,"minecraft:lantern":1,"minecraft:packed_ice":1,"minecraft:stone":26,"minecraft:tripwire":1,"luminousworld:creepbush":5,"minecraft:kelp_plant":1,"minecraft:smoker":2,"minecraft:crafting_table":3,"minecraft:dark_oak_wood":33,"minecraft:melon":5,"minecraft:mushroom_stem":12,"minecraft:cobblestone":10,"minecraft:blue_bed":7,"minecraft:pink_petals":2,"minecraft:red_candle":1,"minecraft:dark_oak_slab":1,"ecologics:seashell":1,"minecraft:sweet_berry_bush":5,"minecraft:wheat":15,"minecraft:spruce_log":24,"minecraft:stone_brick_stairs":1,"minecraft:grass":6,"minecraft:coal_ore":42,"minecraft:sand":23,"minecraft:stone_bricks":2,"minecraft:fern":2},"minecraft:custom":{"minecraft:interact_with_anvil":2,"minecraft:mob_kills":68,"minecraft:interact_with_crafting_table":28,"minecraft:open_barrel":27,"minecraft:interact_with_campfire":2,"minecraft:leave_game":15,"minecraft:time_since_death":651,"minecraft:climb_one_cm":3283,"minecraft:sprint_one_cm":220187,"minecraft:walk_one_cm":490329,"minecraft:damage_blocked_by_shield":2025,"minecraft:drop":35,"minecraft:talked_to_villager":2,"minecraft:play_time":228021,"minecraft:sneak_time":3414,"minecraft:deaths":16,"minecraft:walk_under_water_one_cm":25649,"minecraft:boat_one_cm":427400,"minecraft:interact_with_lectern":1,"minecraft:jump":1991,"minecraft:walk_on_water_one_cm":24028,"minecraft:total_world_time":228021,"minecraft:interact_with_furnace":11,"minecraft:sleep_in_bed":11,"minecraft:time_since_rest":171,"minecraft:damage_taken":6980,"minecraft:trigger_trapped_chest":2,"minecraft:damage_dealt":14305,"minecraft:swim_one_cm":48847,"minecraft:fly_one_cm":462793,"minecraft:open_chest":40,"minecraft:crouch_one_cm":4200,"tombstone:undead_killed":30,"minecraft:interact_with_smoker":9,"minecraft:fall_one_cm":52142}},"DataVersion":3465}