{"stats":{"minecraft:killed_by":{"born_in_chaos_v1:nightmare_stalker":1,"minecraft:piglin_brute":4,"minecraft:vindicator":2,"undead_revamp2:thepregnant":1,"minecraft:husk":2,"undead_revamp2:thespitter":1,"enemyexpansion:botfly":1,"iceandfire:ghost":2,"mutantmonsters:mutant_zombie":2,"undead_revamp2:sucker":2,"iceandfire:cyclops":5,"born_in_chaos_v1:zombie_bruiser":1,"undead_revamp2:clogger":1,"minecraft:piglin":1,"iceandfire:fire_dragon":3,"enemyexpansion:equestrian":1,"undead_revamp2:thehorrors":3,"minecraft:skeleton":2,"iceandfire:lightning_dragon":2},"minecraft:mined":{"minecraft:dark_oak_planks":2,"minecraft:white_bed":7,"minecraft:cherry_log":23,"minecraft:jungle_leaves":13,"minecraft:red_nether_bricks":1,"minecraft:stone_brick_wall":21,"minecraft:coal_block":4,"minecraft:spawner":6,"minecraft:tall_seagrass":1,"minecraft:magma_block":3,"minecraft:fire":3,"minecraft:fletching_table":1,"minecraft:dirt_path":12,"minecraft:oak_stairs":138,"illagerinvasion:magic_fire":4,"minecraft:stripped_mangrove_wood":5,"minecraft:tripwire":1,"minecraft:kelp_plant":1,"minecraft:smoker":2,"minecraft:torch":37,"minecraft:dark_oak_wood":33,"minecraft:blast_furnace":16,"minecraft:melon":5,"minecraft:polished_andesite_stairs":4,"minecraft:nether_brick_slab":7,"minecraft:glass":1,"minecraft:cyan_bed":1,"minecraft:sugar_cane":85,"minecraft:damaged_anvil":2,"mca:cross_headstone":1,"minecraft:skeleton_skull":1,"ecologics:seashell":1,"minecraft:wheat":27,"minecraft:jukebox":1,"minecraft:potted_poppy":1,"minecraft:stone_brick_stairs":5,"minecraft:grass":68,"quark:birch_chest":2,"minecraft:oak_fence_gate":2,"minecraft:dark_oak_sapling":18,"luminousworld:grassvariant_3":8,"minecraft:dark_prismarine":1,"iceandfire:silver_ore":8,"minecraft:cherry_sapling":8,"minecraft:dark_oak_log":176,"luminousworld:mossbuds_1":2,"minecraft:dark_oak_fence":4,"minecraft:spruce_fence":1,"luminousworld:grassvariant_2":12,"minecraft:andesite":5,"minecraft:potatoes":2,"minecraft:vine":2,"minecraft:white_wool":1,"minecraft:oak_slab":7,"minecraft:redstone_block":1,"minecraft:glass_pane":4,"luminousworld:blueberrystage_0":18,"quark:oak_chest":7,"quark:dark_oak_chest":22,"minecraft:dandelion":2,"minecraft:campfire":5,"luminousworld:grassflowers":4,"minecraft:potted_oxeye_daisy":1,"minecraft:tall_grass":3,"minecraft:purple_bed":1,"minecraft:coarse_dirt":1,"minecraft:white_carpet":1,"minecraft:spruce_log":24,"minecraft:birch_leaves":1,"minecraft:purple_concrete":2,"minecraft:sunflower":1,"minecraft:cobweb":2,"minecraft:stone_bricks":72,"minecraft:fern":6,"minecraft:stone_pressure_plate":1,"minecraft:spruce_planks":4,"minecraft:oak_sapling":1,"sophisticatedbackpacks:gold_backpack":1,"minecraft:spruce_trapdoor":32,"minecraft:grass_block":502,"minecraft:composter":2,"minecraft:dark_oak_stairs":1,"minecraft:pointed_dripstone":1,"supplementaries:stick":2,"minecraft:iron_bars":1,"luminousworld:creepbush":5,"minecraft:calcite":3,"supplementaries:wild_flax":1,"minecraft:mushroom_stem":12,"minecraft:cobblestone":14,"minecraft:oak_planks":100,"minecraft:iron_door":1,"minecraft:wall_torch":13,"minecraft:pink_petals":37,"minecraft:red_candle":1,"minecraft:dark_oak_slab":2,"minecraft:birch_log":24,"minecraft:oak_log":212,"minecraft:sand":23,"minecraft:dirt":313,"minecraft:oak_leaves":45,"luminousworld:groundpebbles_1":1,"minecraft:dark_oak_leaves":10,"luminousworld:grassvariant_4":1,"minecraft:oak_door":1,"luminousworld:blue_petunias":1,"placeablesmod:raw_beef_block":1,"minecraft:polished_andesite_slab":6,"minecraft:mangrove_trapdoor":1,"supplementaries:faucet":3,"minecraft:spruce_leaves":3,"minecraft:hay_block":18,"minecraft:spore_blossom":5,"luminousworld:sunset_petunias":1,"minecraft:carrots":19,"minecraft:furnace":2,"luminousworld:yellow_grassflowers":1,"minecraft:gold_block":1,"minecraft:polished_deepslate":1,"minecraft:bookshelf":78,"minecraft:lantern":1,"minecraft:packed_ice":1,"minecraft:stone":451,"minecraft:scaffolding":7,"minecraft:stripped_dark_oak_log":1,"minecraft:spruce_door":2,"minecraft:oak_fence":74,"minecraft:crafting_table":10,"minecraft:rose_bush":2,"minecraft:andesite_slab":1,"minecraft:blue_bed":7,"minecraft:spruce_stairs":4,"minecraft:beehive":5,"luminousworld:black_berry_stage_0":8,"minecraft:sweet_berry_bush":5,"minecraft:coal_ore":83,"minecraft:cyan_carpet":1,"minecraft:mossy_stone_bricks":4},"minecraft:broken":{"minecraft:iron_boots":1,"minecraft:iron_chestplate":1,"minecraft:iron_leggings":2,"minecraft:iron_sword":1,"aether:iron_gloves":1,"minecraft:shield":2,"minecraft:iron_axe":3,"minecraft:iron_helmet":1,"minecraft:iron_shovel":3,"minecraft:wooden_axe":1},"minecraft:custom":{"minecraft:interact_with_crafting_table":77,"minecraft:open_barrel":72,"minecraft:eat_cake_slice":4,"minecraft:leave_game":28,"minecraft:time_since_death":65839,"minecraft:damage_blocked_by_shield":5280,"minecraft:play_time":911070,"minecraft:deaths":45,"minecraft:jump":8536,"minecraft:interact_with_furnace":15,"minecraft:traded_with_villager":40,"minecraft:sleep_in_bed":43,"minecraft:damage_dealt":46514,"tombstone:undead_killed":78,"minecraft:interact_with_smoker":40,"minecraft:inspect_dispenser":1,"minecraft:interact_with_anvil":2,"minecraft:damage_dealt_absorbed":40,"minecraft:sneak_time":15452,"minecraft:interact_with_lectern":2,"minecraft:interact_with_blast_furnace":18,"minecraft:total_world_time":911070,"tombstone:raider_killed":16,"minecraft:tune_noteblock":4,"minecraft:time_since_rest":7767,"minecraft:swim_one_cm":147085,"minecraft:fly_one_cm":2344796,"minecraft:open_chest":530,"minecraft:fall_one_cm":242892,"minecraft:animals_bred":36,"minecraft:sprint_one_cm":1161356,"minecraft:drop":52,"minecraft:talked_to_villager":9,"minecraft:walk_on_water_one_cm":81926,"minecraft:player_kills":1,"minecraft:crouch_one_cm":25935,"minecraft:mob_kills":174,"minecraft:interact_with_campfire":2,"minecraft:damage_dealt_resisted":446,"minecraft:climb_one_cm":25371,"minecraft:walk_one_cm":2941891,"minecraft:walk_under_water_one_cm":64062,"minecraft:boat_one_cm":427400,"minecraft:pot_flower":2,"minecraft:damage_taken":20936,"minecraft:trigger_trapped_chest":2},"minecraft:used":{"minecraft:poppy":2,"minecraft:stone":25,"nfm:red_lamp":2,"earthmobsmod:fancy_egg":14,"alexscaves:cooked_lanternfish":1,"minecraft:rotten_flesh":2,"nfm:sink_dark":1,"ecologics:crab_meat":1,"minecraft:spruce_boat":2,"born_in_chaos_v1:smoked_flesh":10,"minecraft:lava_bucket":1,"minecraft:birch_sapling":11,"minecraft:polished_andesite_stairs":4,"minecraft:bow":2,"minecraft:sweet_berries":32,"minecraft:furnace":5,"minecraft:oak_sapling":27,"minecraft:cooked_cod":9,"nfm:shower_light":1,"minecraft:potato":162,"minecraft:damaged_anvil":2,"cfm:stripped_dark_oak_kitchen_sink_dark":1,"minecraft:spruce_door":2,"minecraft:wooden_pickaxe":3,"minecraft:composter":2,"cfm:oak_kitchen_drawer":1,"minecraft:stripped_mangrove_wood":1,"minecraft:sand":5,"minecraft:blast_furnace":6,"born_in_chaos_v1:holiday_candy":4,"nfm:shower_head_light":1,"nfm:bin_dark":1,"nfm:oak_chopping_board":3,"earthmobsmod:duck_egg":1,"cfm:oak_kitchen_sink_dark":1,"fantasyfurniture:dunmer/carpet":1,"minecraft:spore_blossom":5,"cfm:stripped_dark_oak_kitchen_drawer":2,"fantasyfurniture:nordic/drawer":2,"minecraft:soul_lantern":1,"minecraft:dark_oak_fence":19,"minecraft:stone_sword":30,"born_in_chaos_v1:smoked_fish":1,"born_in_chaos_v1:fried_maggot":2,"minecraft:cooked_salmon":5,"minecraft:stick":2,"minecraft:torch":425,"nfm:blender_dark":2,"supplementaries:faucet":4,"minecraft:chainmail_chestplate":1,"ecologics:seashell":1,"minecraft:oak_fence_gate":14,"minecraft:iron_axe":978,"minecraft:spruce_button":4,"nfm:oven_range_hood_dark":1,"minecraft:goat_horn":1,"tombstone:gift":11,"undead_revamp2:arapholia":2,"fantasyfurniture:dunmer/wall_light":65,"minecraft:cherry_log":6,"sophisticatedbackpacks:gold_backpack":1,"minecraft:calcite":1,"minecraft:wheat_seeds":135,"minecraft:water_bucket":33,"alexsmobs:cooked_catfish":1,"quark:cobblestone_bricks":4,"cfm:stripped_oak_kitchen_counter":3,"minecraft:salmon":2,"fantasyfurniture:nordic/bed_double":1,"minecraft:oak_slab":53,"minecraft:crafting_table":26,"nfm:christmas_tree":1,"minecraft:white_bed":8,"fantasyfurniture:nordic/sofa":2,"minecraft:cake":2,"minecraft:spruce_log":6,"minecraft:dark_prismarine":1,"minecraft:suspicious_stew":1,"minecraft:iron_pickaxe":694,"minecraft:spruce_trapdoor":20,"fantasyfurniture:nordic/lockbox":1,"quark:dark_oak_chest":48,"minecraft:cobblestone":6,"minecraft:purple_bed":1,"minecraft:cooked_porkchop":12,"minecraft:glass_pane":32,"quark:oak_chest":2,"minecraft:stripped_oak_log":1,"minecraft:jukebox":1,"minecraft:cherry_sapling":25,"minecraft:iron_shovel":1102,"minecraft:diamond_hoe":480,"minecraft:shield":92,"minecraft:iron_sword":660,"nfm:oven_dark":1,"nfm:microwave_dark":2,"fantasyfurniture:nordic/dresser":1,"fantasyfurniture:decorations/nordic_boiled_creme_treats":1,"minecraft:carrot":189,"eeeabsmobs:guardian_axe":2,"luminousworld:blueberry":11,"fantasyfurniture:nordic/bookshelf":1,"minecraft:lantern":8,"cfm:stripped_oak_kitchen_drawer":3,"minecraft:iron_helmet":1,"minecraft:stone_bricks":32,"minecraft:item_frame":11,"cfm:stripped_oak_kitchen_sink_dark":1,"cataclysm:coral_spear":14,"fantasyfurniture:dunmer/door_single":1,"nfm:toaster_dark":2,"minecraft:dark_oak_sapling":50,"minecraft:stone_pickaxe":48,"minecraft:oak_planks":23,"fantasyfurniture:nordic/wall_light":38,"minecraft:redstone_block":1,"fantasyfurniture:nordic/table_small":4,"luminousworld:groundpebbles_1":1,"minecraft:blue_bed":8,"minecraft:sugar_cane":8,"minecraft:white_wool":3,"minecraft:mushroom_stew":1,"minecraft:stone_brick_wall":4,"luminousworld:creepberries":5,"minecraft:dark_oak_log":4,"minecraft:cyan_bed":1,"minecraft:bread":53,"nfm:toilet_dark":1,"minecraft:string":2,"tombstone:grave_key":7,"ecologics:coconut_slice":4,"iceandfire:dragon_skull_fire":2,"minecraft:andesite":5,"minecraft:bone_meal":9,"minecraft:oak_fence":409,"quark:birch_chest":2,"minecraft:spruce_planks":13,"cfm:stripped_spruce_table":7,"alexscaves:cooked_tripodfish":1,"minecraft:dirt":713,"nfm:oak_door_bell":1,"luminousworld:grassflowers":2,"minecraft:spruce_stairs":1,"nfm:dishwasher_dark":1,"minecraft:wooden_axe":41,"minecraft:dark_oak_planks":22,"quark:spruce_chest":4,"minecraft:oak_stairs":97,"minecraft:cooked_beef":9,"minecraft:iron_leggings":1,"minecraft:cooked_mutton":6,"tombstone:scroll_of_knowledge":1,"cfm:stripped_acacia_kitchen_sink_dark":1,"luminousworld:blackberry":3,"minecraft:red_nether_bricks":1,"minecraft:brown_mushroom":2,"minecraft:spruce_sign":2,"fantasyfurniture:nordic/door_single":2,"minecraft:mangrove_trapdoor":1,"minecraft:painting":1,"minecraft:smoker":6,"minecraft:flower_pot":2,"minecraft:apple":2,"nfm:shower_head_dark":1,"nfm:shower_dark":1,"nfm:castle_netting":6,"minecraft:stone_axe":109,"minecraft:pink_petals":115,"minecraft:white_banner":1,"minecraft:bucket":34,"minecraft:pumpkin_pie":26},"minecraft:killed":{"earthmobsmod:duck":3,"iceandfire:hippogryph":1,"born_in_chaos_v1:zombie_lumberjack":2,"born_in_chaos_v1:door_knight_not_despawn":1,"enemyexpansion:equestrian":3,"born_in_chaos_v1:siamese_skeletonsright":1,"undead_revamp2:theswarmer":1,"minecraft:skeleton":14,"ecologics:coconut_crab":1,"undead_revamp2:thespitter":1,"minecraft:pillager":14,"enemyexpansion:meature":1,"minecraft:zombie":7,"born_in_chaos_v1:corpse_fly":9,"takesapillage:archer":1,"minecraft:cow":18,"undead_revamp2:thehunter":3,"undead_revamp2:theimmortal":1,"undead_revamp2:bomber":2,"born_in_chaos_v1:barrel_zombie":1,"minecraft:husk":11,"earthmobsmod:bouldering_zombie":2,"undead_revamp2:the_moonflower":6,"enemyexpansion:sprinter":2,"born_in_chaos_v1:decrepit_skeleton":3,"iceandfire:ghost":7,"undead_revamp2:thewolf":1,"minecraft:spider":5,"undead_revamp2:therod":1,"born_in_chaos_v1:firelight_not_despawn":1,"minecraft:piglin":3,"minecraft:pig":8,"undead_revamp2:thebeartamer":1,"minecraft:creeper":1,"minecraft:sheep":9,"minecraft:trader_llama":1,"born_in_chaos_v1:dread_hound":2,"luminousworld:dark_oak_zombie":1,"born_in_chaos_v1:zombie_clown_not_despawn":1,"enemyexpansion:direwolf":3,"born_in_chaos_v1:maggot":3,"iceandfire:fire_dragon":2,"earthmobsmod:fancy_chicken":2,"born_in_chaos_v1:corpse_fish":7,"undead_revamp2:thehorrors":1,"undead_revamp2:sucker":1,"iceandfire:troll":1,"takesapillage:skirmisher":1,"born_in_chaos_v1:decaying_zombie_not_despawn":1},"minecraft:picked_up":{"minecraft:wooden_axe":1,"luminousworld:blackberry":12,"minecraft:chainmail_boots":1,"minecraft:flower_pot":2,"minecraft:lead":2,"minecraft:oak_stairs":192,"minecraft:enchanted_book":5,"minecraft:string":14,"minecraft:cooked_salmon":1,"minecraft:red_nether_bricks":1,"minecraft:beetroot":1,"minecraft:gold_nugget":4,"minecraft:spruce_planks":15,"minecraft:melon_slice":22,"minecraft:coal_block":20,"ecologics:crab_claw":1,"minecraft:beehive":4,"minecraft:jukebox":1,"minecraft:composter":2,"minecraft:acacia_log":1,"minecraft:cherry_log":23,"minecraft:brown_carpet":6,"luminousworld:grassflowers":6,"minecraft:stone_sword":1,"luminousworld:yellow_grassflowers":4,"minecraft:vex_armor_trim_smithing_template":2,"iceandfire:fire_dragon_heart":1,"supplementaries:ash":14,"minecraft:iron_bars":1,"minecraft:birch_log":24,"minecraft:magma_block":2,"minecraft:feather":9,"minecraft:iron_door":1,"minecraft:water_bucket":1,"minecraft:smoker":3,"luminousworld:purple_petunias":1,"minecraft:lantern":14,"born_in_chaos_v1:marigolds":5,"minecraft:rabbit":2,"minecraft:moss_block":2,"luminousworld:creepberries":6,"iceandfire:dragon_skull_fire":3,"ecologics:coconut_husk":14,"minecraft:ink_sac":1,"minecraft:dark_oak_log":180,"minecraft:bundle":2,"luminousworld:yellowpetunias":1,"minecraft:spruce_button":4,"minecraft:golden_horse_armor":1,"minecraft:bread":1,"born_in_chaos_v1:rotten_fish":4,"minecraft:dark_oak_fence":4,"iceandfire:raw_silver":8,"sophisticatedbackpacks:gold_backpack":1,"minecraft:coarse_dirt":1,"luminousworld:groundpebbles_1":10,"minecraft:crafting_table":10,"minecraft:purple_wool":2,"ecologics:seashell":1,"quark:dark_oak_chest":22,"minecraft:white_carpet":3,"born_in_chaos_v1:intoxicating_decoction":1,"fantasyfurniture:decorations/nordic_boiled_creme_treats":1,"minecraft:beef":40,"minecraft:iron_nugget":42,"minecraft:poppy":3,"minecraft:chest":1,"minecraft:birch_sapling":11,"minecraft:piston":1,"minecraft:diamond_hoe":1,"luminousworld:spuds":1,"luminousworld:blue_petunias":3,"minecraft:oak_door":1,"minecraft:spruce_fence":1,"born_in_chaos_v1:pieceofdarkmetal":1,"minecraft:carrot":749,"minecraft:mangrove_trapdoor":1,"minecraft:cooked_cod":1,"minecraft:hay_block":18,"tombstone:essence_of_undeath":1,"minecraft:gold_ingot":12,"minecraft:mutton":20,"minecraft:oxeye_daisy":1,"minecraft:bone_block":40,"minecraft:white_wool":9,"born_in_chaos_v1:monster_flesh":4,"minecraft:tripwire_hook":5,"minecraft:filled_map":1,"minecraft:red_mushroom":1,"minecraft:oak_log":206,"minecraft:blue_bed":9,"minecraft:paper":6,"minecraft:white_banner":3,"minecraft:apple":2,"minecraft:stone_bricks":68,"minecraft:kelp":15,"minecraft:spore_blossom":5,"minecraft:oak_fence_gate":3,"earthmobsmod:fancy_feather":2,"minecraft:iron_ore":84,"minecraft:iron_sword":2,"minecraft:dark_oak_stairs":2,"minecraft:polished_andesite_stairs":4,"minecraft:dark_oak_slab":6,"minecraft:sweet_berries":25,"minecraft:spruce_sapling":1,"minecraft:spruce_log":24,"minecraft:leather_helmet":2,"minecraft:purple_bed":1,"minecraft:painting":1,"minecraft:stripped_dark_oak_log":1,"minecraft:wheat":114,"illagerinvasion:platinum_chunk":4,"minecraft:redstone_block":1,"iceandfire:troll_weapon_hammer":1,"aether:iron_gloves":4,"earthmobsmod:fancy_egg":14,"minecraft:stone_brick_stairs":4,"tombstone:grave_key":1,"minecraft:red_candle":4,"earthmobsmod:duck_egg":1,"minecraft:rose_bush":2,"minecraft:calcite":3,"minecraft:iron_pickaxe":1,"iceandfire:dragonscales_red":31,"minecraft:furnace":2,"minecraft:stick":59,"minecraft:oak_fence":72,"minecraft:torch":76,"minecraft:spruce_stairs":4,"minecraft:porkchop":19,"minecraft:pointed_dripstone":4,"tombstone:grave_dust":5,"minecraft:goat_horn":1,"quark:ancient_tome":2,"minecraft:rotten_flesh":72,"undead_revamp2:arapholia":3,"minecraft:cobblestone":477,"fantasyfurniture:dunmer/door_single":1,"minecraft:pink_petals":109,"minecraft:andesite":5,"minecraft:potato":464,"paraglider:spirit_orb":2,"supplementaries:flax_seeds":1,"minecraft:dirt":847,"born_in_chaos_v1:monster_skin":1,"minecraft:bone":26,"minecraft:bow":2,"minecraft:wheat_seeds":244,"minecraft:mossy_stone_bricks":4,"minecraft:fletching_table":1,"minecraft:bamboo":15,"minecraft:oak_planks":103,"minecraft:cooked_porkchop":14,"minecraft:oak_pressure_plate":3,"minecraft:poisonous_potato":3,"earthmobsmod:harder_flesh":2,"minecraft:sand":37,"minecraft:cyan_bed":1,"minecraft:lily_of_the_valley":1,"minecraft:dark_prismarine":1,"minecraft:soul_lantern":1,"luminousworld:blueberry":31,"minecraft:bone_meal":3,"minecraft:golden_apple":1,"minecraft:spruce_sign":2,"minecraft:emerald":12,"minecraft:oak_sapling":24,"minecraft:andesite_slab":1,"undead_revamp2:bostroxingot":2,"minecraft:charcoal":8,"minecraft:chicken":11,"born_in_chaos_v1:river_mint":5,"minecraft:brown_mushroom":2,"minecraft:stone_brick_wall":20,"minecraft:gold_block":1,"minecraft:shield":1,"minecraft:iron_axe":2,"minecraft:wooden_sword":1,"minecraft:item_frame":5,"tombstone:scroll_of_unstable_intangibility":1,"minecraft:sugar_cane":89,"minecraft:spruce_trapdoor":31,"minecraft:dark_oak_sapling":43,"iceandfire:dragonbone":8,"minecraft:stripped_mangrove_wood":5,"iceandfire:troll_tusk":1,"ecologics:coconut_slice":10,"minecraft:copper_ingot":2,"minecraft:bowl":1,"minecraft:stone_button":15,"quark:birch_chest":2,"minecraft:stone_pressure_plate":2,"minecraft:dark_oak_planks":2,"minecraft:arrow":24,"minecraft:pumpkin_pie":2,"minecraft:saddle":1,"supplementaries:faucet":3,"minecraft:skeleton_skull":2,"born_in_chaos_v1:corpse_maggot":6,"minecraft:salmon":4,"minecraft:leather":23,"minecraft:chainmail_chestplate":2,"iceandfire:ectoplasm":4,"tombstone:voodoo_poppet":1,"minecraft:cooked_mutton":1,"minecraft:iron_ingot":49,"minecraft:polished_andesite_slab":8,"minecraft:purple_concrete":2,"minecraft:book":232,"minecraft:scaffolding":7,"minecraft:oak_slab":13,"minecraft:dandelion":1,"luminousworld:sunset_petunias":5,"minecraft:lava_bucket":1,"minecraft:blast_furnace":17,"minecraft:white_bed":9,"minecraft:nether_brick_slab":7,"quark:oak_chest":7,"minecraft:spruce_door":2,"minecraft:spider_eye":1,"minecraft:cherry_sapling":25,"tombstone:magic_scroll":3,"minecraft:damaged_anvil":2,"minecraft:black_wool":2,"minecraft:dark_oak_wood":33,"minecraft:coal":174,"minecraft:sunflower":1},"minecraft:dropped":{"mca:divorce_papers":1,"sophisticatedbackpacks:gold_backpack":1,"born_in_chaos_v1:monster_flesh":2,"minecraft:wooden_sword":1,"minecraft:bone_meal":1,"minecraft:sand":16,"minecraft:bone":5,"quark:ancient_tome":1,"alexsmobs:animal_dictionary":1,"minecraft:rotten_flesh":5,"minecraft:salmon":1,"supplementaries:flax_seeds":2,"minecraft:wheat_seeds":45,"minecraft:iron_helmet":1,"minecraft:wooden_axe":1,"minecraft:rose_bush":1,"minecraft:white_banner":2,"minecraft:bowl":1,"born_in_chaos_v1:rotten_fish":1,"minecraft:white_carpet":1,"minecraft:iron_boots":1,"minecraft:dark_oak_stairs":1,"minecraft:lantern":1,"paraglider:paraglider":1,"minecraft:beetroot":1,"minecraft:chainmail_chestplate":1,"supplementaries:cartographers_quill":1,"minecraft:stone_brick_wall":16,"minecraft:arrow":1,"minecraft:water_bucket":1,"minecraft:poisonous_potato":1,"luminousworld:creepberries":1,"mca:book_romance":1,"tombstone:grave_key":2,"minecraft:iron_leggings":1,"minecraft:pink_petals":4,"minecraft:kelp":13,"minecraft:filled_map":1,"minecraft:shield":2,"aether:iron_gloves":3,"minecraft:wooden_pickaxe":1},"minecraft:crafted":{"quark:birch_chest":2,"alexscaves:cooked_lanternfish":1,"minecraft:cooked_mutton":15,"alexsmobs:cooked_catfish":1,"minecraft:cooked_rabbit":2,"minecraft:emerald":40,"minecraft:cooked_porkchop":17,"iceandfire:armor_red_chestplate":1,"quark:oak_chest":2,"born_in_chaos_v1:smoked_flesh":10,"minecraft:iron_pickaxe":2,"minecraft:iron_block":21,"minecraft:gold_ingot":9,"supplementaries:faucet":1,"minecraft:bone_meal":180,"minecraft:dark_oak_fence":15,"quark:cobblestone_bricks":4,"minecraft:stone_pickaxe":1,"minecraft:spruce_boat":2,"quark:spruce_chest":4,"minecraft:dark_oak_planks":368,"minecraft:wheat":18,"alexscaves:cooked_tripodfish":1,"sophisticatedbackpacks:gold_backpack":2,"iceandfire:armor_red_helmet":1,"minecraft:oak_fence_gate":12,"minecraft:wooden_axe":1,"minecraft:iron_shovel":5,"minecraft:iron_leggings":3,"minecraft:white_bed":1,"minecraft:oak_planks":592,"minecraft:cooked_chicken":9,"minecraft:iron_boots":2,"minecraft:oak_fence":336,"minecraft:smoker":4,"minecraft:oak_slab":42,"minecraft:item_frame":5,"sophisticatedbackpacks:backpack":2,"born_in_chaos_v1:smoked_fish":1,"minecraft:crafting_table":17,"minecraft:spruce_planks":108,"minecraft:wooden_pickaxe":1,"minecraft:iron_helmet":3,"minecraft:birch_planks":24,"minecraft:shield":5,"minecraft:stick":388,"minecraft:iron_ingot":104,"minecraft:stone_sword":1,"minecraft:cherry_planks":68,"minecraft:coal":54,"minecraft:furnace":9,"quark:dark_oak_chest":28,"minecraft:iron_axe":3,"born_in_chaos_v1:fried_maggot":2,"iceandfire:armor_red_leggings":1,"iceandfire:armor_red_boots":1,"sophisticatedbackpacks:iron_backpack":2,"minecraft:cooked_beef":9,"paraglider:paraglider":2,"minecraft:cooked_cod":5,"iceandfire:silver_ingot":8,"minecraft:iron_sword":1,"minecraft:cooked_salmon":2,"minecraft:mangrove_planks":16,"minecraft:stone_axe":1,"minecraft:bread":25,"minecraft:air":0,"aether:iron_gloves":2,"minecraft:torch":268}},"DataVersion":3465}