{"stats":{"minecraft:picked_up":{"minecraft:wooden_axe":1,"minecraft:crafting_table":2,"minecraft:wheat":15,"luminousworld:blackberry":12,"minecraft:chainmail_boots":1,"minecraft:brown_mushroom":2,"ecologics:seashell":1,"minecraft:gold_block":1,"minecraft:enchanted_book":1,"minecraft:cooked_salmon":1,"minecraft:wooden_sword":1,"minecraft:spruce_planks":2,"minecraft:beef":3,"luminousworld:spuds":1,"ecologics:coconut_slice":6,"minecraft:bowl":1,"minecraft:torch":3,"minecraft:carrot":15,"minecraft:cooked_cod":1,"minecraft:rotten_flesh":6,"minecraft:cobblestone":33,"born_in_chaos_v1:corpse_maggot":3,"minecraft:magma_block":2,"born_in_chaos_v1:monster_flesh":2,"minecraft:salmon":2,"minecraft:leather":2,"minecraft:smoker":3,"minecraft:potato":8,"minecraft:filled_map":1,"minecraft:chainmail_chestplate":2,"minecraft:blue_bed":2,"minecraft:bone":3,"minecraft:kelp":13,"minecraft:wheat_seeds":43,"minecraft:spore_blossom":3,"minecraft:iron_ingot":8,"minecraft:sweet_berries":25,"minecraft:sand":37,"minecraft:spruce_sapling":1,"minecraft:spruce_log":24,"luminousworld:blueberry":31,"minecraft:bone_meal":1,"minecraft:emerald":2,"born_in_chaos_v1:rotten_fish":2,"minecraft:coal":29},"minecraft:broken":{"minecraft:wooden_axe":1},"minecraft:used":{"minecraft:stone_sword":30,"minecraft:shield":9,"minecraft:spruce_planks":9,"born_in_chaos_v1:smoked_fish":1,"minecraft:iron_sword":12,"alexscaves:cooked_lanternfish":1,"minecraft:rotten_flesh":1,"minecraft:torch":1,"alexscaves:cooked_tripodfish":1,"minecraft:chainmail_chestplate":1,"ecologics:seashell":1,"minecraft:spruce_boat":1,"minecraft:wooden_axe":41,"luminousworld:blueberry":3,"quark:spruce_chest":1,"minecraft:sweet_berries":32,"tombstone:gift":1,"minecraft:cooked_beef":2,"minecraft:water_bucket":2,"alexsmobs:cooked_catfish":1,"luminousworld:blackberry":3,"minecraft:stone_pickaxe":48,"quark:cobblestone_bricks":4,"minecraft:wooden_pickaxe":3,"minecraft:brown_mushroom":2,"minecraft:blue_bed":2,"minecraft:salmon":2,"minecraft:sand":5,"minecraft:crafting_table":6,"minecraft:smoker":1,"minecraft:bread":8,"minecraft:suspicious_stew":1,"minecraft:iron_pickaxe":5,"minecraft:stone_axe":16,"ecologics:coconut_slice":2,"minecraft:bucket":2},"minecraft:mined":{"minecraft:spruce_planks":2,"luminousworld:grassvariant_2":1,"minecraft:spruce_leaves":3,"minecraft:spore_blossom":3,"minecraft:magma_block":3,"minecraft:carrots":3,"minecraft:gold_block":1,"minecraft:potatoes":2,"minecraft:stone":22,"minecraft:kelp_plant":1,"minecraft:smoker":2,"minecraft:crafting_table":2,"minecraft:cobblestone":10,"minecraft:blue_bed":2,"ecologics:seashell":1,"minecraft:sweet_berry_bush":5,"minecraft:wheat":15,"minecraft:spruce_log":24,"minecraft:stone_brick_stairs":1,"minecraft:coal_ore":13,"minecraft:sand":23,"minecraft:stone_bricks":2,"minecraft:fern":1},"minecraft:killed":{"undead_revamp2:theimmortal":1,"enemyexpansion:direwolf":1,"born_in_chaos_v1:maggot":2,"minecraft:skeleton":1,"born_in_chaos_v1:corpse_fish":2,"undead_revamp2:thespitter":1,"minecraft:piglin":1,"minecraft:husk":2,"minecraft:zombie":3,"born_in_chaos_v1:dread_hound":1,"born_in_chaos_v1:corpse_fly":5,"minecraft:cow":1},"minecraft:crafted":{"alexscaves:cooked_lanternfish":1,"minecraft:furnace":1,"quark:cobblestone_bricks":4,"minecraft:stone_pickaxe":1,"minecraft:spruce_boat":1,"alexsmobs:cooked_catfish":1,"quark:spruce_chest":1,"minecraft:smoker":1,"minecraft:cooked_beef":3,"minecraft:cooked_cod":5,"alexscaves:cooked_tripodfish":1,"born_in_chaos_v1:smoked_fish":1,"minecraft:cooked_porkchop":2,"minecraft:crafting_table":4,"minecraft:spruce_planks":68,"minecraft:wooden_pickaxe":1,"minecraft:cooked_salmon":2,"minecraft:stone_axe":1,"minecraft:bread":5,"minecraft:air":0,"minecraft:shield":2,"minecraft:stick":12,"minecraft:iron_pickaxe":1,"minecraft:wooden_axe":1,"minecraft:stone_sword":1,"minecraft:gold_ingot":9,"minecraft:torch":4},"minecraft:custom":{"minecraft:mob_kills":21,"minecraft:interact_with_anvil":2,"minecraft:interact_with_crafting_table":15,"minecraft:open_barrel":13,"minecraft:leave_game":4,"minecraft:time_since_death":592,"minecraft:climb_one_cm":954,"minecraft:sprint_one_cm":75211,"minecraft:walk_one_cm":199165,"minecraft:damage_blocked_by_shield":660,"minecraft:drop":21,"minecraft:talked_to_villager":2,"minecraft:play_time":91283,"minecraft:deaths":4,"minecraft:sneak_time":2320,"minecraft:walk_under_water_one_cm":20052,"minecraft:boat_one_cm":411560,"minecraft:interact_with_lectern":1,"minecraft:jump":588,"minecraft:walk_on_water_one_cm":10894,"minecraft:total_world_time":91283,"minecraft:interact_with_furnace":11,"minecraft:sleep_in_bed":5,"minecraft:time_since_rest":167,"minecraft:damage_taken":2415,"minecraft:damage_dealt":3731,"minecraft:swim_one_cm":44254,"minecraft:fly_one_cm":114636,"minecraft:open_chest":17,"minecraft:crouch_one_cm":2091,"tombstone:undead_killed":8,"minecraft:interact_with_smoker":9,"minecraft:fall_one_cm":13290},"minecraft:killed_by":{"minecraft:piglin_brute":2,"minecraft:piglin":1},"minecraft:dropped":{"minecraft:water_bucket":1,"minecraft:wheat_seeds":43,"born_in_chaos_v1:monster_flesh":1,"mca:book_romance":1,"minecraft:wooden_axe":1,"minecraft:wooden_sword":1,"minecraft:bone_meal":1,"minecraft:sand":16,"minecraft:bone":1,"minecraft:kelp":13,"alexsmobs:animal_dictionary":1,"minecraft:bowl":1,"born_in_chaos_v1:rotten_fish":1,"minecraft:rotten_flesh":5,"minecraft:chainmail_chestplate":1,"minecraft:filled_map":1,"supplementaries:flax_seeds":1,"minecraft:shield":1,"supplementaries:cartographers_quill":1,"minecraft:wooden_pickaxe":1}},"DataVersion":3465}