{"stats":{"minecraft:used":{"minecraft:shield":76,"minecraft:iron_sword":358,"earthmobsmod:fancy_egg":2,"alexscaves:cooked_lanternfish":1,"minecraft:rotten_flesh":2,"eeeabsmobs:guardian_axe":2,"minecraft:spruce_boat":2,"born_in_chaos_v1:smoked_flesh":6,"minecraft:lava_bucket":1,"luminousworld:blueberry":11,"minecraft:iron_helmet":1,"minecraft:sweet_berries":32,"minecraft:cooked_cod":9,"cataclysm:coral_spear":14,"minecraft:stone_pickaxe":48,"minecraft:wooden_pickaxe":3,"minecraft:blue_bed":8,"minecraft:sand":5,"born_in_chaos_v1:holiday_candy":4,"luminousworld:creepberries":5,"minecraft:bread":17,"minecraft:string":1,"tombstone:grave_key":4,"ecologics:coconut_slice":2,"minecraft:dark_oak_fence":17,"minecraft:andesite":5,"minecraft:stone_sword":30,"minecraft:spruce_planks":13,"born_in_chaos_v1:smoked_fish":1,"minecraft:cooked_salmon":5,"born_in_chaos_v1:fried_maggot":2,"minecraft:torch":24,"alexscaves:cooked_tripodfish":1,"luminousworld:grassflowers":1,"minecraft:chainmail_chestplate":1,"ecologics:seashell":1,"minecraft:wooden_axe":41,"minecraft:dark_oak_planks":21,"quark:spruce_chest":4,"minecraft:iron_axe":3,"tombstone:gift":9,"undead_revamp2:arapholia":2,"minecraft:cooked_beef":9,"minecraft:cherry_log":6,"minecraft:iron_leggings":1,"minecraft:cooked_mutton":6,"minecraft:water_bucket":3,"alexsmobs:cooked_catfish":1,"tombstone:scroll_of_knowledge":1,"quark:cobblestone_bricks":4,"luminousworld:blackberry":3,"minecraft:brown_mushroom":2,"minecraft:spruce_sign":2,"minecraft:salmon":2,"minecraft:crafting_table":15,"minecraft:smoker":3,"minecraft:spruce_log":6,"minecraft:suspicious_stew":1,"minecraft:iron_pickaxe":58,"minecraft:stone_axe":109,"minecraft:pink_petals":13,"minecraft:cobblestone":6,"minecraft:purple_bed":1,"minecraft:cooked_porkchop":6,"minecraft:bucket":4},"minecraft:crafted":{"alexscaves:cooked_lanternfish":1,"minecraft:cooked_mutton":6,"minecraft:iron_boots":1,"alexsmobs:cooked_catfish":1,"minecraft:smoker":1,"minecraft:cooked_porkchop":3,"sophisticatedbackpacks:backpack":2,"born_in_chaos_v1:smoked_fish":1,"minecraft:crafting_table":10,"minecraft:spruce_planks":108,"minecraft:wooden_pickaxe":1,"minecraft:iron_helmet":2,"minecraft:shield":4,"minecraft:stick":32,"born_in_chaos_v1:smoked_flesh":6,"minecraft:iron_pickaxe":1,"minecraft:stone_sword":1,"minecraft:gold_ingot":9,"minecraft:coal":9,"minecraft:furnace":1,"quark:dark_oak_chest":2,"minecraft:dark_oak_fence":15,"quark:cobblestone_bricks":4,"born_in_chaos_v1:fried_maggot":2,"minecraft:stone_pickaxe":1,"minecraft:spruce_boat":2,"quark:spruce_chest":4,"minecraft:dark_oak_planks":124,"sophisticatedbackpacks:iron_backpack":2,"minecraft:cooked_beef":9,"minecraft:cooked_cod":5,"alexscaves:cooked_tripodfish":1,"minecraft:iron_sword":1,"minecraft:cooked_salmon":2,"sophisticatedbackpacks:gold_backpack":2,"minecraft:stone_axe":1,"minecraft:bread":16,"minecraft:air":0,"aether:iron_gloves":2,"minecraft:wooden_axe":1,"minecraft:iron_leggings":1,"minecraft:torch":52},"minecraft:broken":{"minecraft:iron_sword":1,"minecraft:wooden_axe":1,"aether:iron_gloves":1,"minecraft:shield":1,"minecraft:iron_helmet":1},"minecraft:dropped":{"minecraft:lantern":1,"sophisticatedbackpacks:gold_backpack":1,"born_in_chaos_v1:monster_flesh":2,"minecraft:wooden_sword":1,"minecraft:bone_meal":1,"minecraft:sand":16,"minecraft:bone":1,"alexsmobs:animal_dictionary":1,"minecraft:beetroot":1,"minecraft:rotten_flesh":5,"minecraft:chainmail_chestplate":1,"supplementaries:flax_seeds":1,"supplementaries:cartographers_quill":1,"minecraft:water_bucket":1,"minecraft:wheat_seeds":44,"minecraft:iron_helmet":1,"luminousworld:creepberries":1,"mca:book_romance":1,"tombstone:grave_key":2,"minecraft:wooden_axe":1,"minecraft:rose_bush":1,"minecraft:iron_leggings":1,"minecraft:pink_petals":4,"minecraft:kelp":13,"minecraft:bowl":1,"born_in_chaos_v1:rotten_fish":1,"minecraft:iron_boots":1,"minecraft:filled_map":1,"minecraft:shield":2,"aether:iron_gloves":3,"minecraft:wooden_pickaxe":1},"minecraft:killed":{"iceandfire:hippogryph":1,"minecraft:spider":3,"enemyexpansion:equestrian":2,"born_in_chaos_v1:siamese_skeletonsright":1,"undead_revamp2:theswarmer":1,"minecraft:skeleton":3,"undead_revamp2:thespitter":1,"minecraft:piglin":3,"minecraft:pig":2,"minecraft:sheep":9,"minecraft:pillager":14,"enemyexpansion:meature":1,"minecraft:zombie":5,"born_in_chaos_v1:dread_hound":2,"born_in_chaos_v1:corpse_fly":9,"minecraft:cow":7,"undead_revamp2:thehunter":1,"undead_revamp2:theimmortal":1,"born_in_chaos_v1:zombie_clown_not_despawn":1,"undead_revamp2:bomber":1,"enemyexpansion:direwolf":1,"born_in_chaos_v1:maggot":2,"born_in_chaos_v1:corpse_fish":7,"undead_revamp2:sucker":1,"minecraft:husk":4,"earthmobsmod:bouldering_zombie":2,"iceandfire:troll":1,"undead_revamp2:the_moonflower":2,"enemyexpansion:sprinter":1,"born_in_chaos_v1:decrepit_skeleton":1,"iceandfire:ghost":7},"minecraft:killed_by":{"undead_revamp2:sucker":2,"born_in_chaos_v1:nightmare_stalker":1,"minecraft:piglin_brute":4,"born_in_chaos_v1:zombie_bruiser":1,"minecraft:piglin":1,"iceandfire:fire_dragon":1,"minecraft:husk":1,"enemyexpansion:equestrian":1,"minecraft:skeleton":1,"iceandfire:lightning_dragon":2,"iceandfire:ghost":2},"minecraft:picked_up":{"minecraft:wooden_axe":1,"minecraft:wheat":23,"minecraft:chainmail_boots":1,"luminousworld:blackberry":12,"illagerinvasion:platinum_chunk":4,"iceandfire:troll_weapon_hammer":1,"aether:iron_gloves":4,"earthmobsmod:fancy_egg":6,"minecraft:enchanted_book":5,"tombstone:grave_key":1,"minecraft:string":13,"minecraft:cooked_salmon":1,"minecraft:red_candle":4,"minecraft:beetroot":1,"minecraft:spruce_planks":15,"minecraft:rose_bush":1,"minecraft:iron_pickaxe":1,"minecraft:melon_slice":22,"minecraft:coal_block":1,"minecraft:stick":20,"minecraft:jukebox":1,"minecraft:torch":3,"minecraft:porkchop":5,"minecraft:cherry_log":23,"tombstone:grave_dust":1,"minecraft:pointed_dripstone":4,"minecraft:goat_horn":1,"quark:ancient_tome":1,"luminousworld:grassflowers":1,"minecraft:stone_sword":1,"minecraft:rotten_flesh":24,"minecraft:vex_armor_trim_smithing_template":2,"supplementaries:ash":3,"minecraft:iron_bars":1,"undead_revamp2:arapholia":2,"minecraft:cobblestone":37,"minecraft:pink_petals":7,"minecraft:magma_block":2,"minecraft:andesite":5,"minecraft:smoker":3,"minecraft:potato":20,"supplementaries:flax_seeds":1,"minecraft:dirt":16,"minecraft:lantern":1,"born_in_chaos_v1:monster_skin":1,"minecraft:bone":8,"minecraft:wheat_seeds":50,"minecraft:bamboo":15,"minecraft:moss_block":2,"minecraft:cooked_porkchop":8,"luminousworld:creepberries":6,"earthmobsmod:harder_flesh":2,"ecologics:coconut_husk":14,"minecraft:sand":37,"minecraft:dark_oak_log":2,"luminousworld:yellowpetunias":1,"luminousworld:blueberry":31,"minecraft:bone_meal":3,"minecraft:spruce_sign":2,"minecraft:golden_horse_armor":1,"minecraft:emerald":10,"born_in_chaos_v1:rotten_fish":4,"minecraft:dark_oak_fence":3,"minecraft:andesite_slab":1,"iceandfire:raw_silver":5,"luminousworld:groundpebbles_1":1,"minecraft:crafting_table":5,"minecraft:purple_wool":2,"minecraft:brown_mushroom":2,"ecologics:seashell":1,"minecraft:gold_block":1,"minecraft:iron_axe":1,"minecraft:wooden_sword":1,"born_in_chaos_v1:intoxicating_decoction":1,"tombstone:scroll_of_unstable_intangibility":1,"minecraft:beef":14,"minecraft:iron_nugget":42,"minecraft:chest":1,"minecraft:birch_sapling":4,"minecraft:piston":1,"minecraft:diamond_hoe":1,"luminousworld:spuds":1,"iceandfire:troll_tusk":1,"ecologics:coconut_slice":6,"minecraft:bowl":1,"minecraft:spruce_fence":1,"minecraft:carrot":15,"minecraft:dark_oak_planks":2,"minecraft:cooked_cod":1,"minecraft:arrow":5,"minecraft:hay_block":2,"tombstone:essence_of_undeath":1,"minecraft:saddle":1,"minecraft:gold_ingot":12,"minecraft:mutton":13,"minecraft:white_wool":7,"minecraft:skeleton_skull":2,"minecraft:bone_block":40,"born_in_chaos_v1:corpse_maggot":5,"born_in_chaos_v1:monster_flesh":4,"minecraft:tripwire_hook":5,"minecraft:salmon":2,"minecraft:leather":11,"minecraft:red_mushroom":1,"minecraft:filled_map":1,"minecraft:chainmail_chestplate":2,"iceandfire:ectoplasm":4,"tombstone:voodoo_poppet":1,"minecraft:blue_bed":9,"minecraft:paper":3,"minecraft:kelp":13,"minecraft:spore_blossom":3,"minecraft:iron_ingot":48,"minecraft:iron_ore":84,"minecraft:iron_sword":2,"minecraft:dark_oak_stairs":1,"minecraft:purple_concrete":2,"minecraft:book":62,"minecraft:dark_oak_slab":6,"minecraft:sweet_berries":25,"minecraft:spruce_sapling":1,"minecraft:spruce_log":24,"minecraft:spider_eye":1,"minecraft:leather_helmet":2,"minecraft:purple_bed":1,"minecraft:cherry_sapling":16,"tombstone:magic_scroll":3,"minecraft:damaged_anvil":1,"minecraft:black_wool":2,"minecraft:dark_oak_wood":33,"minecraft:coal":95},"minecraft:mined":{"minecraft:dark_oak_planks":2,"minecraft:spruce_planks":4,"minecraft:cherry_log":23,"minecraft:jungle_leaves":13,"minecraft:coal_block":1,"minecraft:tall_seagrass":1,"minecraft:magma_block":3,"minecraft:dark_oak_stairs":1,"minecraft:pointed_dripstone":1,"minecraft:iron_bars":1,"minecraft:tripwire":1,"luminousworld:creepbush":5,"minecraft:kelp_plant":1,"minecraft:smoker":2,"minecraft:dark_oak_wood":33,"minecraft:melon":5,"supplementaries:wild_flax":1,"minecraft:mushroom_stem":12,"minecraft:cobblestone":10,"minecraft:damaged_anvil":1,"minecraft:pink_petals":2,"minecraft:skeleton_skull":1,"minecraft:red_candle":1,"minecraft:dark_oak_slab":2,"ecologics:seashell":1,"minecraft:wheat":15,"minecraft:jukebox":1,"minecraft:stone_brick_stairs":1,"minecraft:grass":24,"minecraft:sand":23,"iceandfire:silver_ore":5,"luminousworld:grassvariant_4":1,"luminousworld:mossbuds_1":2,"minecraft:dark_oak_fence":3,"minecraft:spruce_fence":1,"luminousworld:grassvariant_2":8,"minecraft:spruce_leaves":3,"minecraft:hay_block":2,"minecraft:spore_blossom":3,"minecraft:carrots":3,"minecraft:andesite":5,"minecraft:gold_block":1,"minecraft:bookshelf":20,"minecraft:potatoes":2,"minecraft:vine":2,"minecraft:lantern":1,"minecraft:packed_ice":1,"minecraft:stone":26,"minecraft:crafting_table":5,"minecraft:andesite_slab":1,"luminousworld:grassflowers":2,"minecraft:blue_bed":7,"minecraft:purple_bed":1,"minecraft:sweet_berry_bush":5,"minecraft:spruce_log":24,"minecraft:birch_leaves":1,"minecraft:purple_concrete":2,"minecraft:coal_ore":42,"minecraft:cobweb":1,"minecraft:stone_bricks":2,"minecraft:fern":6},"minecraft:custom":{"minecraft:interact_with_crafting_table":33,"minecraft:open_barrel":34,"minecraft:leave_game":15,"minecraft:time_since_death":2009,"minecraft:sprint_one_cm":307303,"minecraft:damage_blocked_by_shield":3855,"minecraft:drop":38,"minecraft:talked_to_villager":2,"minecraft:play_time":282021,"minecraft:deaths":21,"minecraft:jump":2851,"minecraft:walk_on_water_one_cm":54727,"minecraft:interact_with_furnace":11,"minecraft:sleep_in_bed":13,"minecraft:damage_dealt":26080,"minecraft:crouch_one_cm":4211,"tombstone:undead_killed":37,"minecraft:interact_with_smoker":18,"minecraft:mob_kills":98,"minecraft:interact_with_anvil":2,"minecraft:interact_with_campfire":2,"minecraft:climb_one_cm":3451,"minecraft:walk_one_cm":636752,"minecraft:damage_dealt_absorbed":40,"minecraft:sneak_time":3871,"minecraft:walk_under_water_one_cm":51521,"minecraft:boat_one_cm":427400,"minecraft:interact_with_lectern":1,"minecraft:total_world_time":282021,"tombstone:raider_killed":14,"minecraft:time_since_rest":1687,"minecraft:damage_taken":10498,"minecraft:trigger_trapped_chest":2,"minecraft:swim_one_cm":113562,"minecraft:fly_one_cm":641637,"minecraft:open_chest":51,"minecraft:fall_one_cm":78595}},"DataVersion":3465}