{"stats":{"minecraft:picked_up":{"minecraft:wooden_axe":1,"born_in_chaos_v1:corpse_maggot":3,"minecraft:crafting_table":2,"minecraft:wheat":15,"luminousworld:blackberry":12,"minecraft:chainmail_boots":1,"born_in_chaos_v1:monster_flesh":2,"minecraft:leather":2,"minecraft:brown_mushroom":2,"minecraft:potato":8,"minecraft:filled_map":1,"minecraft:blue_bed":1,"minecraft:wooden_sword":1,"minecraft:bone":1,"minecraft:kelp":12,"minecraft:wheat_seeds":43,"minecraft:spruce_planks":2,"minecraft:beef":3,"luminousworld:spuds":1,"minecraft:sweet_berries":25,"minecraft:bowl":1,"minecraft:sand":37,"minecraft:spruce_sapling":1,"minecraft:spruce_log":24,"minecraft:carrot":15,"minecraft:rotten_flesh":6,"luminousworld:blueberry":31,"minecraft:bone_meal":1,"born_in_chaos_v1:rotten_fish":2,"minecraft:coal":14,"minecraft:cobblestone":19},"minecraft:broken":{"minecraft:wooden_axe":1},"minecraft:mined":{"minecraft:spruce_planks":2,"minecraft:crafting_table":2,"minecraft:cobblestone":10,"minecraft:spruce_leaves":3,"minecraft:blue_bed":1,"minecraft:carrots":3,"minecraft:wheat":15,"minecraft:sweet_berry_bush":5,"minecraft:spruce_log":24,"minecraft:potatoes":2,"minecraft:coal_ore":13,"minecraft:sand":23,"minecraft:stone":8,"minecraft:stone_bricks":2,"minecraft:fern":1},"minecraft:used":{"minecraft:water_bucket":2,"minecraft:stone_sword":26,"minecraft:stone_pickaxe":30,"luminousworld:blackberry":3,"minecraft:spruce_planks":9,"minecraft:wooden_pickaxe":3,"minecraft:brown_mushroom":2,"minecraft:rotten_flesh":1,"minecraft:sand":5,"minecraft:crafting_table":5,"minecraft:spruce_boat":1,"minecraft:wooden_axe":41,"quark:spruce_chest":1,"luminousworld:blueberry":3,"minecraft:bread":8,"minecraft:suspicious_stew":1,"minecraft:stone_axe":14,"minecraft:sweet_berries":29,"minecraft:bucket":2},"minecraft:killed":{"minecraft:husk":2,"undead_revamp2:theimmortal":1,"enemyexpansion:direwolf":1,"born_in_chaos_v1:maggot":2,"minecraft:zombie":3,"born_in_chaos_v1:dread_hound":1,"born_in_chaos_v1:corpse_fly":5,"born_in_chaos_v1:corpse_fish":2,"undead_revamp2:thespitter":1,"minecraft:cow":1},"minecraft:crafted":{"minecraft:crafting_table":3,"minecraft:spruce_planks":52,"minecraft:wooden_pickaxe":1,"minecraft:stone_axe":1,"minecraft:bread":5,"minecraft:stick":12,"minecraft:stone_pickaxe":1,"minecraft:wooden_axe":1,"minecraft:stone_sword":1,"minecraft:spruce_boat":1,"quark:spruce_chest":1},"minecraft:custom":{"minecraft:mob_kills":19,"minecraft:interact_with_crafting_table":8,"minecraft:open_barrel":4,"minecraft:leave_game":1,"minecraft:time_since_death":59257,"minecraft:sleep_in_bed":3,"minecraft:time_since_rest":31157,"minecraft:sprint_one_cm":56626,"minecraft:damage_taken":919,"minecraft:walk_one_cm":146360,"minecraft:drop":18,"minecraft:damage_dealt":2795,"minecraft:swim_one_cm":28985,"minecraft:talked_to_villager":2,"minecraft:fly_one_cm":81913,"minecraft:open_chest":14,"minecraft:crouch_one_cm":1987,"minecraft:play_time":59257,"tombstone:undead_killed":7,"minecraft:sneak_time":1422,"minecraft:walk_under_water_one_cm":11928,"minecraft:boat_one_cm":188731,"minecraft:jump":424,"minecraft:walk_on_water_one_cm":9480,"minecraft:total_world_time":59257,"minecraft:fall_one_cm":11097},"minecraft:dropped":{"minecraft:water_bucket":1,"minecraft:kelp":12,"minecraft:wheat_seeds":43,"alexsmobs:animal_dictionary":1,"minecraft:bowl":1,"born_in_chaos_v1:rotten_fish":1,"minecraft:rotten_flesh":5,"minecraft:filled_map":1,"born_in_chaos_v1:monster_flesh":1,"supplementaries:flax_seeds":1,"mca:book_romance":1,"supplementaries:cartographers_quill":1,"minecraft:wooden_axe":1,"minecraft:wooden_sword":1,"minecraft:bone_meal":1,"minecraft:sand":16,"minecraft:wooden_pickaxe":1,"minecraft:bone":1}},"DataVersion":3465}