{"stats":{"minecraft:mined":{"minecraft:tall_grass":1,"minecraft:oak_log":3,"minecraft:oak_leaves":4},"minecraft:custom":{"minecraft:jump":96,"minecraft:open_chest":2,"minecraft:time_since_rest":4343,"minecraft:walk_on_water_one_cm":115,"minecraft:damage_dealt":10,"minecraft:crouch_one_cm":19,"minecraft:sprint_one_cm":10177,"minecraft:play_time":4343,"minecraft:time_since_death":4343,"minecraft:walk_one_cm":6168,"minecraft:sneak_time":22,"minecraft:total_world_time":4343,"minecraft:walk_under_water_one_cm":128,"minecraft:swim_one_cm":2131,"minecraft:fall_one_cm":4505,"minecraft:fly_one_cm":29657,"minecraft:leave_game":1},"minecraft:used":{"minecraft:oak_log":3},"minecraft:picked_up":{"minecraft:oak_log":3}},"DataVersion":3465}