{"stats":{"minecraft:used":{"minecraft:enchanting_table":1,"minecraft:bookshelf":15,"minecraft:spruce_log":1,"minecraft:pumpkin":1},"minecraft:mined":{"minecraft:spruce_log":1,"minecraft:pumpkin":1},"minecraft:picked_up":{"minecraft:spruce_log":1,"minecraft:pumpkin":1},"minecraft:custom":{"minecraft:jump":6,"minecraft:time_since_rest":5666,"minecraft:sprint_one_cm":336,"minecraft:play_time":5666,"minecraft:time_since_death":5666,"minecraft:walk_one_cm":1797,"minecraft:enchant_item":1,"minecraft:total_world_time":5666,"minecraft:fall_one_cm":209,"minecraft:fly_one_cm":393}},"DataVersion":3465}