{
  "iceandfire:iceandfire/root": {
    "criteria": {
      "tick": "2024-07-14 23:16:33 +0000"
    },
    "done": true
  },
  "takesapillage:root": {
    "criteria": {
      "always": "2024-07-14 23:16:33 +0000"
    },
    "done": true
  },
  "dungeons_arise:wda_root": {
    "criteria": {
      "WDA": "2024-07-14 23:16:33 +0000"
    },
    "done": true
  },
  "undead_revamp2:theundeadchallenges": {
    "criteria": {
      "theundeadchallenges": "2024-07-14 23:16:33 +0000"
    },
    "done": true
  },
  "friendsandfoes:misc/yellow_dye_from_buttercup": {
    "criteria": {
      "has_the_recipe": "2024-07-14 23:16:33 +0000"
    },
    "done": true
  },
  "mca:recipes/building_blocks/headstones": {
    "criteria": {
      "has_the_slanted_recipe": "2024-07-14 23:16:33 +0000"
    },
    "done": true
  },
  "mowziesmobs:root": {
    "criteria": {
      "custom_test_name": "2024-07-14 23:16:33 +0000"
    },
    "done": true
  },
  "betterdungeons:root": {
    "criteria": {
      "always": "2024-07-14 23:16:33 +0000"
    },
    "done": true
  },
  "placeablesmod:placeables": {
    "criteria": {
      "placeables": "2024-07-14 23:16:33 +0000"
    },
    "done": true
  },
  "eeeabsmobs:eeeabsmobs/root": {
    "criteria": {
      "requirement": "2024-07-14 23:16:33 +0000"
    },
    "done": true
  },
  "betterdeserttemples:root": {
    "criteria": {
      "always": "2024-07-14 23:16:33 +0000"
    },
    "done": true
  },
  "cataclysm:root": {
    "criteria": {
      "custom_test_name": "2024-07-14 23:16:33 +0000"
    },
    "done": true
  },
  "incendium:technical/new_player": {
    "criteria": {
      "requirement": "2024-07-14 23:16:33 +0000"
    },
    "done": true
  },
  "incendium:technical/scroll_of_returning": {
    "criteria": {
      "log_spam_fixer": "2024-07-14 23:16:35 +0000"
    },
    "done": false
  },
  "incendium:technical/using/ragnarok": {
    "criteria": {
      "log_spam_fixer": "2024-07-14 23:16:35 +0000"
    },
    "done": false
  },
  "incendium:technical/using/trailblazer": {
    "criteria": {
      "log_spam_fixer": "2024-07-14 23:16:35 +0000"
    },
    "done": false
  },
  "minecraft:adventure/adventuring_time": {
    "criteria": {
      "minecraft:snowy_slopes": "2024-07-15 20:15:26 +0000",
      "minecraft:old_growth_pine_taiga": "2024-07-14 23:38:01 +0000",
      "minecraft:taiga": "2024-07-14 23:16:35 +0000",
      "minecraft:cherry_grove": "2024-07-15 18:25:56 +0000",
      "minecraft:sunflower_plains": "2024-07-16 22:05:54 +0000",
      "minecraft:birch_forest": "2024-07-16 22:13:59 +0000",
      "minecraft:bamboo_jungle": "2024-07-16 22:51:45 +0000",
      "minecraft:beach": "2024-07-14 23:36:38 +0000",
      "minecraft:stony_peaks": "2024-07-16 22:43:17 +0000",
      "minecraft:dark_forest": "2024-07-16 22:55:38 +0000",
      "minecraft:sparse_jungle": "2024-07-16 22:23:51 +0000",
      "minecraft:river": "2024-07-14 23:36:20 +0000",
      "minecraft:stony_shore": "2024-07-15 18:18:43 +0000",
      "minecraft:dripstone_caves": "2024-07-16 22:16:47 +0000",
      "minecraft:grove": "2024-07-16 22:21:31 +0000",
      "minecraft:cold_ocean": "2024-07-14 23:51:47 +0000",
      "minecraft:forest": "2024-07-15 17:33:46 +0000",
      "minecraft:jungle": "2024-07-16 22:23:31 +0000",
      "minecraft:old_growth_spruce_taiga": "2024-07-14 23:48:09 +0000",
      "minecraft:flower_forest": "2024-07-16 22:06:05 +0000",
      "minecraft:frozen_peaks": "2024-07-15 18:37:39 +0000",
      "minecraft:old_growth_birch_forest": "2024-07-16 22:14:17 +0000",
      "minecraft:meadow": "2024-07-16 22:13:40 +0000",
      "minecraft:plains": "2024-07-15 18:19:33 +0000"
    },
    "done": false
  },
  "incendium:technical/using/shield": {
    "criteria": {
      "log_spam_fixer": "2024-07-14 23:16:35 +0000"
    },
    "done": false
  },
  "tombstone:adventure/root": {
    "criteria": {
      "auto": "2024-07-14 23:16:35 +0000"
    },
    "done": true
  },
  "mca:root": {
    "criteria": {
      "village_taiga": "2024-07-14 23:22:02 +0000"
    },
    "done": true
  },
  "minecraft:story/root": {
    "criteria": {
      "crafting_table": "2024-07-14 23:22:09 +0000"
    },
    "done": true
  },
  "minecraft:husbandry/root": {
    "criteria": {
      "consumed_item": "2024-07-14 23:22:48 +0000"
    },
    "done": true
  },
  "mutantmonsters:root": {
    "criteria": {
      "killed_something": "2024-07-14 23:25:20 +0000"
    },
    "done": true
  },
  "minecraft:adventure/root": {
    "criteria": {
      "killed_something": "2024-07-14 23:25:20 +0000"
    },
    "done": true
  },
  "minecraft:husbandry/balanced_diet": {
    "criteria": {
      "cooked_porkchop": "2024-07-16 22:48:13 +0000",
      "cooked_mutton": "2024-07-16 23:11:33 +0000",
      "sweet_berries": "2024-07-14 23:25:30 +0000",
      "cooked_beef": "2024-07-15 17:48:42 +0000",
      "cooked_cod": "2024-07-16 22:22:18 +0000",
      "pumpkin_pie": "2024-07-16 23:45:11 +0000",
      "bread": "2024-07-14 23:32:34 +0000",
      "rotten_flesh": "2024-07-14 23:27:37 +0000",
      "suspicious_stew": "2024-07-15 00:00:24 +0000",
      "salmon": "2024-07-15 17:44:54 +0000",
      "mushroom_stew": "2024-07-16 23:58:08 +0000",
      "cooked_salmon": "2024-07-15 18:04:20 +0000"
    },
    "done": false
  },
  "minecraft:adventure/kill_all_mobs": {
    "criteria": {
      "minecraft:pillager": "2024-07-16 23:05:28 +0000",
      "minecraft:skeleton": "2024-07-15 17:48:19 +0000",
      "minecraft:spider": "2024-07-15 19:46:01 +0000",
      "minecraft:husk": "2024-07-14 23:43:47 +0000",
      "minecraft:piglin": "2024-07-15 17:52:35 +0000",
      "minecraft:zombie": "2024-07-14 23:26:58 +0000"
    },
    "done": false
  },
  "minecraft:adventure/kill_a_mob": {
    "criteria": {
      "minecraft:zombie": "2024-07-14 23:26:58 +0000"
    },
    "done": true
  },
  "minecraft:adventure/sleep_in_bed": {
    "criteria": {
      "slept_in_bed": "2024-07-14 23:28:02 +0000"
    },
    "done": true
  },
  "artifacts:amateur_archaeologist": {
    "criteria": {
      "find_artifact": "2024-07-14 23:28:16 +0000"
    },
    "done": true
  },
  "minecraft:story/mine_stone": {
    "criteria": {
      "get_stone": "2024-07-14 23:34:12 +0000"
    },
    "done": true
  },
  "minecraft:story/upgrade_tools": {
    "criteria": {
      "stone_pickaxe": "2024-07-14 23:34:22 +0000"
    },
    "done": true
  },
  "dungeons_arise:find_bathhouse": {
    "criteria": {
      "location0": "2024-07-14 23:35:09 +0000"
    },
    "done": true
  },
  "dungeons_arise:find_monasteries": {
    "criteria": {
      "location0": "2024-07-14 23:36:51 +0000"
    },
    "done": true
  },
  "dungeons_arise:find_infested_temple_map": {
    "criteria": {
      "find_map": "2024-07-14 23:39:13 +0000"
    },
    "done": true
  },
  "alexscaves:alexscaves/cave_tablet": {
    "criteria": {
      "cave_tablet": "2024-07-14 23:59:58 +0000"
    },
    "done": true
  },
  "supplementaries:husbandry/sus_stew": {
    "criteria": {
      "stew": "2024-07-15 00:00:24 +0000"
    },
    "done": true
  },
  "mca:recipes/misc/comb": {
    "criteria": {
      "has_item": "2024-07-15 00:00:44 +0000"
    },
    "done": true
  },
  "minecraft:story/smelt_iron": {
    "criteria": {
      "iron": "2024-07-15 00:00:44 +0000"
    },
    "done": true
  },
  "mca:recipes/misc/needle_and_thread": {
    "criteria": {
      "has_item": "2024-07-15 00:00:44 +0000"
    },
    "done": true
  },
  "mca:recipes/misc/whistle": {
    "criteria": {
      "has_item": "2024-07-15 00:00:44 +0000"
    },
    "done": true
  },
  "minecraft:story/iron_tools": {
    "criteria": {
      "iron_pickaxe": "2024-07-15 17:45:11 +0000"
    },
    "done": true
  },
  "tombstone:adventure/first_grave": {
    "criteria": {
      "coded_trigger": "2024-07-15 17:45:29 +0000"
    },
    "done": true
  },
  "tombstone:adventure/strong_or_careful": {
    "criteria": {
      "coded_trigger": "2024-07-15 17:45:29 +0000"
    },
    "done": true
  },
  "tombstone:adventure/first_knowledge": {
    "criteria": {
      "coded_trigger": "2024-07-15 17:45:29 +0000"
    },
    "done": true
  },
  "tombstone:recipes/from_grave_key": {
    "criteria": {
      "has_ingredient": "2024-07-15 17:45:32 +0000"
    },
    "done": true
  },
  "tombstone:adventure/cancel_ghostly_shape": {
    "criteria": {
      "coded_trigger": "2024-07-15 17:45:59 +0000"
    },
    "done": true
  },
  "dungeons_arise:find_mushroom_village": {
    "criteria": {
      "location0": "2024-07-15 17:48:12 +0000"
    },
    "done": true
  },
  "tombstone:recipes/from_grave_dust": {
    "criteria": {
      "has_ingredient": "2024-07-15 17:50:34 +0000"
    },
    "done": true
  },
  "minecraft:story/deflect_arrow": {
    "criteria": {
      "deflected_projectile": "2024-07-15 17:52:30 +0000"
    },
    "done": true
  },
  "iceandfire:iceandfire/kill_troll": {
    "criteria": {
      "killed_fire_dragon": "2024-07-15 18:04:54 +0000"
    },
    "done": true
  },
  "tombstone:adventure/ashes_and_bones": {
    "criteria": {
      "coded_trigger": "2024-07-15 18:07:27 +0000"
    },
    "done": true
  },
  "minecraft:story/obtain_armor": {
    "criteria": {
      "iron_leggings": "2024-07-15 18:16:22 +0000"
    },
    "done": true
  },
  "iceandfire:iceandfire/kill_ghost": {
    "criteria": {
      "killed_fire_dragon": "2024-07-15 18:18:54 +0000"
    },
    "done": true
  },
  "minecraft:story/lava_bucket": {
    "criteria": {
      "lava_bucket": "2024-07-15 18:19:40 +0000"
    },
    "done": true
  },
  "dungeons_arise:find_lighthouse": {
    "criteria": {
      "location0": "2024-07-15 19:21:48 +0000"
    },
    "done": true
  },
  "tombstone:adventure/choose_knowledge": {
    "criteria": {
      "coded_trigger": "2024-07-15 20:19:18 +0000"
    },
    "done": true
  },
  "tombstone:adventure/choose_grave_type": {
    "criteria": {
      "coded_trigger": "2024-07-15 20:20:14 +0000"
    },
    "done": true
  },
  "mca:recipes/misc/family_tree": {
    "criteria": {
      "has_item": "2024-07-16 22:01:43 +0000"
    },
    "done": true
  },
  "tombstone:adventure/find_grave_dust": {
    "criteria": {
      "from_undead": "2024-07-16 22:10:34 +0000"
    },
    "done": true
  },
  "tombstone:adventure/chain_death": {
    "criteria": {
      "coded_trigger": "2024-07-16 22:19:09 +0000"
    },
    "done": true
  },
  "tombstone:adventure/enchant_grave_key": {
    "criteria": {
      "has_upgraded_grave_key": "2024-07-16 22:19:15 +0000"
    },
    "done": true
  },
  "minecraft:story/form_obsidian": {
    "criteria": {
      "obsidian": "2024-07-16 22:23:58 +0000"
    },
    "done": true
  },
  "tombstone:adventure/create_voodoo_poppet": {
    "criteria": {
      "has_voodoo_poppet": "2024-07-16 22:33:13 +0000"
    },
    "done": true
  },
  "tombstone:adventure/enchant_voodoo_poppet": {
    "criteria": {
      "has_enchanted_voodoo_poppet": "2024-07-16 22:33:13 +0000"
    },
    "done": true
  },
  "tombstone:adventure/create_magic_scroll": {
    "criteria": {
      "has_magic_scroll": "2024-07-16 22:37:38 +0000"
    },
    "done": true
  },
  "tombstone:adventure/teleport_to_grave": {
    "criteria": {
      "coded_trigger": "2024-07-16 22:52:47 +0000"
    },
    "done": true
  },
  "tombstone:adventure/ambush": {
    "criteria": {
      "coded_trigger": "2024-07-16 23:05:28 +0000"
    },
    "done": true
  },
  "betterdungeons:all_dungeons": {
    "criteria": {
      "in_better_spider_dungeon": "2024-07-16 23:10:39 +0000"
    },
    "done": false
  },
  "betterdungeons:spider_dungeon": {
    "criteria": {
      "in_better_spider_dungeon": "2024-07-16 23:10:39 +0000"
    },
    "done": true
  },
  "dungeons_arise:find_illager_campsite": {
    "criteria": {
      "location0": "2024-07-16 23:13:04 +0000"
    },
    "done": true
  },
  "tombstone:adventure/fortuitous_militia": {
    "criteria": {
      "coded_trigger": "2024-07-16 23:15:42 +0000"
    },
    "done": true
  },
  "mca:recipes/misc/books": {
    "criteria": {
      "has_item": "2024-07-16 23:21:57 +0000"
    },
    "done": true
  },
  "mca:recipes/misc/blueprint": {
    "criteria": {
      "has_item": "2024-07-16 23:21:57 +0000"
    },
    "done": true
  },
  "tombstone:adventure/use_knowledge": {
    "criteria": {
      "coded_trigger": "2024-07-16 23:24:22 +0000"
    },
    "done": true
  },
  "minecraft:story/shiny_gear": {
    "criteria": {
      "diamond_helmet": "2024-07-16 23:40:46 +0000"
    },
    "done": true
  },
  "mca:recipes/misc/bouquet": {
    "criteria": {
      "has_item": "2024-07-16 23:54:44 +0000"
    },
    "done": true
  },
  "tombstone:adventure/bone_crusher": {
    "criteria": {
      "coded_trigger": "2024-07-17 00:01:59 +0000"
    },
    "done": true
  },
  "paraglider:root": {
    "criteria": {
      "crafting_table": "2024-07-17 00:48:26 +0000"
    },
    "done": true
  },
  "tombstone:adventure/create_magic_tablet": {
    "criteria": {
      "has_magic_tablet": "2024-07-17 01:07:22 +0000"
    },
    "done": true
  },
  "DataVersion": 3465
}